33.0,-52.2599983215332,28.299999237060547,1.0
36.0,45.529998779296875,150.92999267578125,0.0
57.0,41.849998474121094,142.77999877929688,0.0
67.0,29.190000534057617,141.14999389648438,1.0
30.0,-21.65999984741211,169.80999755859375,1.0
0.0,23.09000015258789,120.58000183105469,1.0
139.0,-20.700000762939453,169.9199981689453,1.0
60.0,22.329999923706055,93.58000183105469,1.0
50.0,-13.640000343322754,165.9600067138672,1.0
119.0,-16.309999465942383,-71.66000366210938,1.0
197.0,36.47999954223633,70.94999694824219,1.0
13.0,55.720001220703125,-155.9499969482422,1.0
26.0,55.75,-155.8800048828125,0.0
58.0,-5.139999866485596,151.77000427246094,1.0
33.0,-44.599998474121094,37.34000015258789,1.0
0.0,-44.20000076293945,167.9600067138672,0.0
27.0,36.22999954223633,-7.610000133514404,1.0
50.0,36.95000076293945,95.5,0.0
46.0,14.420000076293945,56.36000061035156,0.0
373.0,-6.440000057220459,127.95999908447266,0.0
44.0,59.790000915527344,-149.3000030517578,1.0
33.0,57.20000076293945,-153.0,0.0
4.0,58.2599983215332,-151.25,1.0
17.0,58.83000183105469,-149.2899932861328,1.0
23.0,56.41999816894531,-152.00999450683594,1.0
26.0,57.16999816894531,-152.4499969482422,1.0
32.0,60.04999923706055,-148.38999938964844,0.0
160.0,0.4000000059604645,122.11000061035156,1.0
25.0,56.45000076293945,-153.94000244140625,1.0
12.0,60.36000061035156,-146.61000061035156,1.0
10.0,60.5099983215332,-146.6999969482422,1.0
35.0,59.790000915527344,-148.6699981689453,1.0
22.0,56.650001525878906,-152.82000732421875,0.0
51.0,3.9100000858306885,96.55999755859375,0.0
41.0,61.619998931884766,-147.38999938964844,0.0
36.0,60.11000061035156,-146.7100067138672,0.0
14.0,56.849998474121094,-152.69000244140625,0.0
24.0,56.29999923706055,-154.39999389648438,0.0
2.0,60.25,-146.7100067138672,0.0
184.0,0.019999999552965164,123.18000030517578,0.0
22.0,56.599998474121094,-152.2100067138672,0.0
6.0,61.5099983215332,-147.1999969482422,0.0
33.0,-5.420000076293945,133.99000549316406,1.0
99.0,-5.070000171661377,144.1999969482422,1.0
23.0,45.349998474121094,150.5,0.0
49.0,-3.880000114440918,35.060001373291016,1.0
22.0,40.38999938964844,139.0500030517578,1.0
16.0,40.54999923706055,139.2100067138672,0.0
49.0,-2.7300000190734863,139.3300018310547,0.0
114.0,-56.45000076293945,-27.700000762939453,0.0
101.0,-56.09000015258789,-27.549999237060547,0.0
54.0,-56.16999816894531,-27.65999984741211,1.0
42.0,43.43000030517578,147.0500030517578,1.0
12.0,38.400001525878906,139.25999450683594,1.0
76.0,43.15999984741211,146.1699981689453,1.0
7.0,-1.7599999904632568,149.75,0.0
15.0,-0.5,122.61000061035156,0.0
26.0,11.699999809265137,144.57000732421875,1.0
96.0,18.309999465942383,-100.5,1.0
189.0,-5.539999961853027,129.7899932861328,1.0
127.0,-15.5600004196167,167.6199951171875,1.0
20.0,47.09000015258789,153.77000427246094,0.0
7.0,46.959999084472656,153.8000030517578,0.0
4.0,47.09000015258789,153.72000122070312,0.0
4.0,-27.81999969482422,-71.0999984741211,1.0
22.0,14.170000076293945,96.12000274658203,0.0
7.0,-41.130001068115234,-74.98999786376953,1.0
392.0,-5.480000019073486,154.25,0.0
32.0,-26.3700008392334,-71.77999877929688,1.0
34.0,78.1500015258789,126.6500015258789,1.0
107.0,-4.420000076293945,144.0800018310547,1.0
33.0,-48.95000076293945,164.4600067138672,1.0
89.0,8.899999618530273,93.02999877929688,1.0
50.0,29.959999084472656,80.45999908447266,0.0
41.0,-10.420000076293945,162.4199981689453,0.0
34.0,40.29999923706055,28.229999542236328,0.0
14.0,-31.399999618530273,-110.83999633789062,0.0
585.0,-7.170000076293945,123.86000061035156,0.0
37.0,28.040000915527344,93.75,0.0
43.0,19.799999237060547,-56.11000061035156,1.0
2.0,-45.599998474121094,96.19000244140625,0.0
77.0,3.109999895095825,128.05999755859375,0.0
33.0,-31.780000686645508,57.31999969482422,0.0
60.0,-5.75,150.74000549316406,1.0
31.0,-20.459999084472656,-173.88999938964844,0.0
3.0,-6.0,150.75,0.0
607.0,-4.340000152587891,122.13999938964844,0.0
578.0,-27.459999084472656,-63.22999954223633,0.0
25.0,40.4900016784668,139.0500030517578,0.0
33.0,-20.450000762939453,-174.0399932861328,0.0
32.0,-13.489999771118164,166.5399932861328,0.0
23.0,27.399999618530273,87.83999633789062,0.0
0.0,49.880001068115234,78.95999908447266,0.0
94.0,-56.459999084472656,-27.049999237060547,0.0
6.0,-2.4000000953674316,125.9800033569336,1.0
23.0,-2.640000104904175,126.04000091552734,0.0
33.0,-51.70000076293945,139.8000030517578,0.0
36.0,51.290000915527344,178.5500030517578,1.0
40.0,51.38999938964844,179.58999633789062,1.0
30.0,52.7400016784668,172.0500030517578,0.0
40.0,53.04999923706055,170.8300018310547,0.0
16.0,52.369998931884766,174.3300018310547,0.0
43.0,53.13999938964844,-161.85000610351562,1.0
32.0,52.04999923706055,175.60000610351562,0.0
33.0,53.2599983215332,-161.74000549316406,1.0
45.0,51.34000015258789,173.44000244140625,0.0
17.0,28.6200008392334,142.4199981689453,0.0
28.0,52.72999954223633,171.99000549316406,0.0
91.0,2.9700000286102295,125.91000366210938,0.0
36.0,-25.670000076293945,-70.62999725341797,1.0
41.0,-5.429999828338623,151.97000122070312,0.0
33.0,-5.360000133514404,151.86000061035156,1.0
14.0,53.02000045776367,171.35000610351562,0.0
205.0,36.41999816894531,70.7300033569336,1.0
36.0,40.75,142.9600067138672,0.0
37.0,-1.4700000286102295,126.5,0.0
58.0,-31.809999465942383,-71.26000213623047,1.0
22.0,55.20000076293945,162.0,0.0
68.0,-32.41999816894531,-71.0999984741211,1.0
41.0,40.72999954223633,142.85000610351562,1.0
20.0,50.31999969482422,177.92999267578125,1.0
45.0,38.380001068115234,22.260000228881836,1.0
39.0,35.060001373291016,24.309999465942383,0.0
12.0,-42.65999984741211,174.02000427246094,0.0
5.0,64.69000244140625,-160.22999572753906,0.0
51.0,54.25,-162.50999450683594,0.0
29.0,21.0,120.68000030517578,0.0
116.0,-7.019999980926514,129.61000061035156,0.0
60.0,47.40999984741211,-122.29000091552734,1.0
88.0,-55.9900016784668,-27.6200008392334,0.0
136.0,-6.199999809265137,130.3300018310547,0.0
80.0,22.40999984741211,121.26000213623047,1.0
3.0,-14.600000381469727,167.41000366210938,0.0
31.0,52.16999816894531,175.1699981689453,0.0
98.0,-56.2400016784668,-27.899999618530273,0.0
19.0,-7.53000020980835,128.60000610351562,0.0
27.0,15.930000305175781,-46.689998626708984,0.0
58.0,44.45000076293945,148.83999633789062,1.0
58.0,7.210000038146973,123.52999877929688,0.0
33.0,-54.59000015258789,5.400000095367432,0.0
40.0,53.029998779296875,-167.5500030517578,1.0
18.0,38.369998931884766,22.399999618530273,0.0
18.0,51.11000061035156,-171.3000030517578,1.0
33.0,-55.900001525878906,157.6999969482422,1.0
50.0,-7.309999942779541,-81.2699966430664,0.0
59.0,-5.210000038146973,151.64999389648438,0.0
14.0,-15.470000267028809,166.91000366210938,0.0
31.0,-15.75,167.1199951171875,1.0
26.0,-15.859999656677246,167.36000061035156,0.0
38.0,-5.25,152.1300048828125,0.0
36.0,-0.4699999988079071,-19.93000030517578,1.0
328.0,-5.739999771118164,128.6300048828125,1.0
79.0,-18.84000015258789,-68.75,0.0
64.0,-22.90999984741211,-176.0500030517578,0.0
29.0,16.329999923706055,-95.80000305175781,1.0
30.0,58.290000915527344,-152.5,1.0
22.0,6.510000228881836,-84.44000244140625,0.0
55.0,-5.329999923706055,153.0800018310547,1.0
30.0,-6.369999885559082,151.66000366210938,0.0
62.0,-6.460000038146973,70.76000213623047,1.0
178.0,7.130000114440918,126.58000183105469,0.0
161.0,-1.399999976158142,-77.69999694824219,0.0
41.0,36.349998474121094,141.3800048828125,1.0
195.0,28.959999084472656,128.22999572753906,1.0
45.0,36.439998626708984,141.3699951171875,0.0
33.0,-54.7400016784668,-38.29999923706055,0.0
5.0,50.02000045776367,178.27999877929688,1.0
52.0,49.45000076293945,156.5800018310547,0.0
28.0,-42.900001525878906,-75.12999725341797,1.0
26.0,12.460000038146973,114.44999694824219,0.0
159.0,44.209999084472656,145.4499969482422,1.0
587.0,-9.039999961853027,-71.31999969482422,0.0
35.0,-22.34000015258789,-113.9800033569336,0.0
50.0,30.68000030517578,140.22000122070312,0.0
29.0,43.869998931884766,87.73999786376953,1.0
46.0,-29.34000015258789,-68.08999633789062,0.0
21.0,31.0,-41.529998779296875,0.0
50.0,53.88999938964844,160.67999267578125,1.0
122.0,-7.28000020980835,129.16000366210938,0.0
101.0,-6.210000038146973,130.38999938964844,1.0
41.0,51.31999969482422,-179.6699981689453,0.0
19.0,-9.609999656677246,159.77000427246094,0.0
118.0,-6.389999866485596,146.30999755859375,0.0
58.0,17.350000381469727,-100.04000091552734,0.0
38.0,58.349998474121094,-153.1300048828125,1.0
121.0,50.040000915527344,155.3800048828125,0.0
29.0,20.729999542236328,146.2899932861328,0.0
0.0,49.77000045776367,78.0999984741211,1.0
35.0,-17.65999984741211,167.9600067138672,1.0
7.0,-32.20000076293945,78.93000030517578,1.0
59.0,-5.409999847412109,151.57000732421875,1.0
53.0,48.290000915527344,154.36000061035156,0.0
50.0,31.489999771118164,80.5,1.0
17.0,1.850000023841858,126.4000015258789,0.0
42.0,24.239999771118164,122.66999816894531,1.0
627.0,-21.079999923706055,-179.14999389648438,0.0
34.0,0.8100000023841858,29.899999618530273,1.0
0.0,49.720001220703125,78.06999969482422,1.0
28.0,37.4900016784668,115.05999755859375,0.0
40.0,23.860000610351562,122.97000122070312,1.0
61.0,23.719999313354492,142.17999267578125,0.0
61.0,51.2400016784668,157.75999450683594,1.0
23.0,57.369998931884766,-152.27000427246094,0.0
27.0,-0.7799999713897705,122.22000122070312,1.0
75.0,-0.5199999809265137,122.20999908447266,0.0
33.0,-52.77000045776367,160.1699981689453,1.0
22.0,-23.399999618530273,-174.72000122070312,0.0
214.0,36.43000030517578,71.12000274658203,1.0
37.0,11.260000228881836,139.57000732421875,1.0
242.0,-12.229999542236328,167.02000427246094,1.0
34.0,-10.430000305175781,160.88999938964844,1.0
20.0,-10.149999618530273,161.00999450683594,1.0
523.0,-7.210000038146973,124.69000244140625,1.0
33.0,29.6200008392334,80.83000183105469,1.0
36.0,29.709999084472656,80.88999938964844,1.0
102.0,24.860000610351562,122.55999755859375,1.0
16.0,51.9900016784668,179.9499969482422,0.0
29.0,50.56999969482422,-171.22000122070312,1.0
59.0,-0.10000000149011612,125.01000213623047,1.0
11.0,-0.05000000074505806,125.05999755859375,1.0
26.0,39.16999816894531,41.560001373291016,0.0
39.0,8.479999542236328,126.62000274658203,0.0
90.0,2.3399999141693115,128.39999389648438,1.0
17.0,-23.0,170.60000610351562,0.0
27.0,-60.33000183105469,-27.25,0.0
39.0,27.8700008392334,54.29999923706055,0.0
165.0,-21.59000015258789,170.55999755859375,1.0
35.0,-60.439998626708984,-26.440000534057617,0.0
38.0,-10.739999771118164,-78.62999725341797,1.0
42.0,-1.5199999809265137,-15.369999885559082,1.0
0.0,73.4000015258789,54.56999969482422,1.0
44.0,22.110000610351562,145.89999389648438,1.0
1.0,38.900001525878906,21.100000381469727,0.0
110.0,-31.950000762939453,-68.4000015258789,0.0
16.0,41.68000030517578,144.25999450683594,0.0
136.0,-14.029999732971191,167.0399932861328,1.0
0.0,49.91999816894531,77.76000213623047,0.0
571.0,-26.059999465942383,-63.099998474121094,0.0
46.0,-7.110000133514404,148.30999755859375,1.0
23.0,-25.510000228881836,-70.73999786376953,1.0
23.0,-15.15999984741211,-173.63999938964844,0.0
24.0,48.220001220703125,102.9000015258789,1.0
39.0,38.33000183105469,142.1999969482422,0.0
5.0,56.68000030517578,120.94999694824219,1.0
33.0,-14.829999923706055,-178.75,1.0
21.0,48.08000183105469,103.0199966430664,1.0
42.0,52.400001525878906,-169.5399932861328,1.0
1.0,24.0,-65.69999694824219,1.0
36.0,2.930000066757202,-74.83000183105469,1.0
598.0,-9.050000190734863,-71.33999633789062,1.0
21.0,-23.790000915527344,-175.13999938964844,1.0
88.0,-9.119999885559082,113.04000091552734,0.0
105.0,-0.09000000357627869,123.94999694824219,0.0
126.0,-0.12999999523162842,123.94999694824219,0.0
0.0,49.790000915527344,78.13999938964844,1.0
122.0,-0.1599999964237213,-78.5999984741211,0.0
60.0,39.25,24.600000381469727,1.0
38.0,-10.640000343322754,166.2899932861328,0.0
50.0,-10.75,166.33999633789062,0.0
48.0,-10.770000457763672,166.25,0.0
33.0,-40.119998931884766,-74.68000030517578,0.0
80.0,-6.730000019073486,129.83999633789062,1.0
38.0,45.529998779296875,151.11000061035156,0.0
606.0,-6.010000228881836,112.33000183105469,0.0
33.0,-11.140000343322754,115.36000061035156,1.0
36.0,45.560001373291016,151.6199951171875,0.0
12.0,20.0,147.27000427246094,0.0
63.0,5.159999847412109,96.30999755859375,1.0
51.0,27.31999969482422,128.66000366210938,0.0
48.0,51.470001220703125,-178.32000732421875,1.0
109.0,-20.25,-68.83000183105469,0.0
184.0,-0.9599999785423279,101.38999938964844,1.0
11.0,51.86000061035156,176.08999633789062,0.0
39.0,-15.329999923706055,-173.47999572753906,0.0
136.0,-58.36000061035156,-26.829999923706055,0.0
44.0,52.7599983215332,-166.89999389648438,0.0
28.0,-25.18000030517578,-70.54000091552734,0.0
38.0,54.439998626708984,-157.94000244140625,1.0
49.0,52.58000183105469,-168.1300048828125,0.0
33.0,40.66999816894531,30.690000534057617,1.0
160.0,6.840000152587891,-73.08999633789062,0.0
367.0,35.43000030517578,135.49000549316406,1.0
60.0,10.359999656677246,125.87000274658203,1.0
40.0,3.7200000286102295,95.73999786376953,1.0
33.0,-60.84000015258789,-24.329999923706055,1.0
78.0,12.180000305175781,140.8000030517578,1.0
24.0,31.610000610351562,100.26000213623047,1.0
29.0,-10.59000015258789,-79.66999816894531,1.0
577.0,-27.6200008392334,-63.150001525878906,0.0
19.0,27.420000076293945,91.86000061035156,0.0
85.0,42.91999816894531,145.3300018310547,0.0
34.0,-57.81999969482422,-23.540000915527344,1.0
34.0,-49.56999969482422,163.92999267578125,0.0
126.0,-20.780000686645508,169.85000610351562,0.0
0.0,19.5,-60.0,0.0
20.0,-6.590000152587891,153.47000122070312,0.0
44.0,-5.659999847412109,153.9199981689453,0.0
605.0,-21.100000381469727,-179.17999267578125,1.0
60.0,-7.150000095367432,129.8300018310547,1.0
181.0,11.90999984741211,-85.9800033569336,1.0
0.0,73.4000015258789,54.41999816894531,0.0
73.0,24.43000030517578,122.25,1.0
0.0,-7.019999980926514,30.899999618530273,1.0
35.0,-28.780000686645508,-71.19000244140625,0.0
28.0,14.479999542236328,51.97999954223633,0.0
21.0,41.40999984741211,20.440000534057617,0.0
144.0,49.45000076293945,154.39999389648438,0.0
27.0,17.540000915527344,73.83999633789062,0.0
20.0,-21.889999389648438,-70.06999969482422,1.0
42.0,17.420000076293945,-61.189998626708984,1.0
5.0,17.610000610351562,-61.2599983215332,0.0
55.0,-5.25,153.6999969482422,0.0
91.0,-21.290000915527344,-68.19999694824219,1.0
33.0,-22.459999084472656,-174.61000061035156,0.0
80.0,-7.53000020980835,127.91000366210938,1.0
13.0,-9.289999961853027,158.4600067138672,1.0
29.0,-8.930000305175781,120.31999969482422,1.0
20.0,43.52000045776367,146.72000122070312,1.0
599.0,-6.099999904632568,113.36000061035156,1.0
46.0,-5.539999961853027,153.36000061035156,1.0
7.0,39.400001525878906,24.940000534057617,1.0
8.0,22.760000228881836,121.47000122070312,1.0
87.0,-16.1299991607666,-173.9499969482422,0.0
528.0,-6.590000152587891,116.18000030517578,0.0
37.0,32.47999954223633,132.27999877929688,1.0
40.0,32.2400016784668,132.2100067138672,0.0
12.0,33.220001220703125,-116.19000244140625,1.0
22.0,58.689998626708984,-149.92999267578125,1.0
30.0,43.58000183105469,-127.88999938964844,1.0
162.0,29.93000030517578,129.38999938964844,0.0
9.0,40.86000061035156,143.3800048828125,1.0
26.0,41.52000045776367,142.82000732421875,1.0
60.0,40.779998779296875,142.14999389648438,0.0
32.0,39.83000183105469,143.16000366210938,0.0
45.0,-30.860000610351562,-178.2100067138672,1.0
33.0,-30.84000015258789,-178.1999969482422,1.0
44.0,44.66999816894531,150.27999877929688,0.0
47.0,41.470001220703125,142.8800048828125,0.0
21.0,-41.720001220703125,172.02999877929688,1.0
618.0,-6.840000152587891,118.91000366210938,0.0
73.0,-2.9800000190734863,139.33999633789062,1.0
45.0,44.47999954223633,150.19000244140625,0.0
27.0,-1.8600000143051147,120.0999984741211,0.0
31.0,39.470001220703125,142.88999938964844,1.0
16.0,5.639999866485596,-82.5999984741211,0.0
26.0,41.060001373291016,143.10000610351562,0.0
33.0,-5.550000190734863,-77.19999694824219,1.0
33.0,-5.510000228881836,-77.30000305175781,0.0
68.0,36.0099983215332,139.3300018310547,0.0
72.0,-2.700000047683716,139.00999450683594,0.0
44.0,38.540000915527344,142.13999938964844,1.0
30.0,39.540000915527344,143.1999969482422,0.0
17.0,-30.969999313354492,-178.1300048828125,1.0
25.0,-0.27000001072883606,133.47000122070312,1.0
36.0,-6.860000133514404,-80.41999816894531,0.0
31.0,16.299999237060547,122.11000061035156,0.0
36.0,16.559999465942383,-97.79000091552734,1.0
43.0,25.729999542236328,128.5,1.0
52.0,16.450000762939453,122.30999755859375,1.0
96.0,6.599999904632568,126.7699966430664,0.0
48.0,33.310001373291016,132.30999755859375,1.0
1.0,1.3799999952316284,126.23999786376953,1.0
41.0,1.399999976158142,126.2699966430664,1.0
22.0,0.05999999865889549,119.7300033569336,1.0
534.0,-10.199999809265137,159.89999389648438,1.0
33.0,1.1699999570846558,126.13999938964844,0.0
25.0,34.150001525878906,59.0099983215332,0.0
14.0,34.09000015258789,58.2400016784668,0.0
32.0,-3.740000009536743,143.00999450683594,1.0
122.0,-8.619999885559082,-74.55000305175781,0.0
640.0,-21.56999969482422,-179.35000610351562,0.0
3.0,28.299999237060547,53.16999816894531,0.0
49.0,-6.079999923706055,148.77000427246094,0.0
103.0,10.760000228881836,-62.70000076293945,1.0
57.0,42.08000183105469,142.64999389648438,0.0
114.0,15.539999961853027,-92.6500015258789,0.0
12.0,-30.520000457763672,-178.00999450683594,0.0
151.0,-6.889999866485596,129.2100067138672,0.0
12.0,-3.6500000953674316,143.3699951171875,0.0
66.0,-13.100000381469727,-76.37000274658203,0.0
0.0,49.81999969482422,78.18000030517578,0.0
45.0,-56.27000045776367,-27.06999969482422,1.0
10.0,-7.599999904632568,126.26000213623047,0.0
518.0,26.290000915527344,140.6999969482422,1.0
33.0,-39.849998474121094,87.73999786376953,0.0
18.0,-31.540000915527344,117.0,0.0
21.0,-3.380000114440918,143.2899932861328,1.0
49.0,-12.40999984741211,166.42999267578125,0.0
7.0,65.45999908447266,-150.07000732421875,1.0
1.0,1.2000000476837158,126.33999633789062,1.0
596.0,-14.199999809265137,172.02000427246094,0.0
0.0,73.38999938964844,54.58000183105469,1.0
150.0,9.569999694824219,-72.62999725341797,0.0
49.0,40.29999923706055,142.38999938964844,0.0
15.0,-14.010000228881836,23.81999969482422,0.0
33.0,51.560001373291016,175.86000061035156,0.0
82.0,60.150001525878906,-152.82000732421875,1.0
79.0,-56.029998779296875,-27.56999969482422,0.0
71.0,-8.029999732971191,158.94000244140625,1.0
32.0,-10.569999694824219,164.4600067138672,1.0
138.0,-56.810001373291016,-26.93000030517578,1.0
238.0,44.88999938964844,143.2100067138672,1.0
114.0,-14.890000343322754,167.22000122070312,1.0
17.0,54.84000015258789,166.0,1.0
587.0,-21.8700008392334,-179.5399932861328,0.0
24.0,0.7699999809265137,126.0199966430664,0.0
35.0,-17.149999618530273,-171.57000732421875,1.0
72.0,4.769999980926514,127.5,0.0
46.0,4.809999942779541,127.54000091552734,1.0
27.0,-8.069999694824219,-80.08999633789062,0.0
635.0,-22.75,178.75999450683594,1.0
3.0,41.41999816894531,79.23999786376953,0.0
425.0,-6.760000228881836,126.73999786376953,1.0
74.0,3.5,128.41000366210938,0.0
53.0,-3.1700000762939453,118.91000366210938,0.0
14.0,35.970001220703125,-10.579999923706055,1.0
43.0,8.6899995803833,127.3499984741211,1.0
32.0,4.71999979019165,127.6500015258789,0.0
4.0,38.54999923706055,28.459999084472656,0.0
35.0,11.90999984741211,41.209999084472656,0.0
33.0,27.610000610351562,33.90999984741211,1.0
19.0,12.0,41.349998474121094,0.0
170.0,-6.110000133514404,129.91000366210938,0.0
38.0,-13.569999694824219,166.1999969482422,0.0
39.0,32.150001525878906,131.97999572753906,1.0
34.0,-30.5,-71.37999725341797,0.0
200.0,-16.709999084472656,-174.66000366210938,0.0
22.0,51.290000915527344,-179.85000610351562,1.0
22.0,34.43000030517578,25.040000915527344,0.0
52.0,49.40999984741211,155.5399932861328,1.0
66.0,-7.929999828338623,159.0500030517578,0.0
33.0,-52.529998779296875,159.6999969482422,0.0
41.0,53.310001373291016,-162.41000366210938,0.0
56.0,51.459999084472656,-179.9499969482422,1.0
44.0,52.209999084472656,158.9499969482422,0.0
6.0,38.43000030517578,119.47000122070312,0.0
54.0,-17.299999237060547,-72.4800033569336,0.0
1.0,-11.84000015258789,-75.0999984741211,0.0
531.0,-5.710000038146973,125.41999816894531,1.0
21.0,1.2599999904632568,126.2300033569336,1.0
193.0,36.439998626708984,70.86000061035156,0.0
193.0,-6.139999866485596,129.69000244140625,0.0
8.0,43.459999084472656,147.91000366210938,0.0
45.0,43.59000015258789,147.6300048828125,0.0
41.0,43.439998626708984,147.82000732421875,1.0
38.0,43.61000061035156,147.17999267578125,1.0
0.0,43.630001068115234,146.5,1.0
0.0,43.720001220703125,147.8000030517578,0.0
33.0,43.779998779296875,147.47999572753906,1.0
44.0,1.809999942779541,126.41000366210938,1.0
70.0,43.45000076293945,147.97999572753906,1.0
46.0,43.13999938964844,147.44000244140625,1.0
320.0,21.56999969482422,143.10000610351562,0.0
49.0,43.16999816894531,147.4600067138672,0.0
34.0,25.1200008392334,-109.55000305175781,0.0
111.0,47.880001068115234,153.75,1.0
31.0,-8.890000343322754,157.9499969482422,0.0
17.0,-8.979999542236328,157.91000366210938,0.0
38.0,51.27000045776367,-179.1699981689453,0.0
39.0,31.079999923706055,131.42999267578125,1.0
37.0,15.300000190734863,-45.779998779296875,0.0
36.0,-60.900001525878906,-55.900001525878906,0.0
43.0,-11.75,-75.1500015258789,0.0
0.0,73.38999938964844,54.5,1.0
124.0,23.09000015258789,94.69999694824219,1.0
43.0,51.310001373291016,-179.22999572753906,1.0
7.0,34.77000045776367,-121.3499984741211,0.0
57.0,-16.110000610351562,-173.8699951171875,0.0
31.0,-53.369998931884766,23.600000381469727,0.0
22.0,51.2599983215332,-178.9499969482422,1.0
11.0,34.720001220703125,-121.27999877929688,0.0
74.0,27.799999237060547,60.02000045776367,1.0
20.0,1.940000057220459,94.61000061035156,1.0
51.0,57.70000076293945,163.55999755859375,1.0
113.0,37.15999984741211,71.63999938964844,0.0
0.0,49.939998626708984,78.9800033569336,1.0
0.0,43.790000915527344,54.75,0.0
51.0,1.9900000095367432,126.94000244140625,1.0
31.0,8.199999809265137,58.4900016784668,0.0
329.0,46.209999084472656,142.4499969482422,0.0
1.0,15.789999961853027,-59.63999938964844,1.0
6.0,16.079999923706055,-59.790000915527344,0.0
62.0,28.549999237060547,129.14999389648438,0.0
15.0,24.1200008392334,102.48999786376953,0.0
189.0,-34.849998474121094,178.7899932861328,1.0
68.0,6.800000190734863,126.75,0.0
82.0,-25.850000381469727,-177.2899932861328,1.0
25.0,42.47999954223633,143.0399932861328,1.0
23.0,7.03000020980835,-104.23999786376953,1.0
18.0,15.569999694824219,-99.4800033569336,0.0
8.0,12.579999923706055,122.08999633789062,0.0
36.0,-9.84000015258789,-75.55000305175781,0.0
83.0,9.800000190734863,125.91000366210938,0.0
24.0,30.610000610351562,103.05000305175781,0.0
7.0,50.130001068115234,-179.58999633789062,1.0
161.0,52.59000015258789,-175.0399932861328,1.0
21.0,12.149999618530273,143.82000732421875,1.0
39.0,-19.06999969482422,168.5399932861328,1.0
44.0,44.650001525878906,148.99000549316406,1.0
16.0,57.38999938964844,-153.97000122070312,1.0
99.0,-29.600000381469727,-69.41999816894531,0.0
8.0,51.34000015258789,173.75,0.0
3.0,-22.079999923706055,126.6500015258789,1.0
11.0,0.2800000011920929,119.37000274658203,1.0
59.0,-6.260000228881836,154.6199951171875,0.0
18.0,39.209999084472656,29.510000228881836,1.0
232.0,-17.06999969482422,168.55999755859375,1.0
82.0,6.78000020980835,126.66000366210938,0.0
75.0,39.779998779296875,141.91000366210938,0.0
40.0,15.779999732971191,121.70999908447266,1.0
23.0,38.34000015258789,22.559999465942383,0.0
25.0,15.079999923706055,122.01000213623047,0.0
243.0,-18.790000915527344,169.2899932861328,1.0
12.0,52.93000030517578,171.4499969482422,0.0
56.0,14.649999618530273,-92.58999633789062,0.0
37.0,14.609999656677246,-93.29000091552734,0.0
196.0,-4.369999885559082,151.80999755859375,0.0
12.0,50.189998626708984,91.23999786376953,0.0
6.0,-55.91999816894531,-28.06999969482422,1.0
406.0,27.219999313354492,140.2899932861328,1.0
85.0,-11.729999542236328,166.3800048828125,0.0
48.0,-9.149999618530273,-78.83000183105469,1.0
54.0,-9.930000305175781,-78.45999908447266,1.0
45.0,-9.279999732971191,-79.05000305175781,0.0
43.0,-10.220000267028809,-78.69000244140625,0.0
48.0,-9.880000114440918,-78.69000244140625,0.0
24.0,42.47999954223633,78.70999908447266,0.0
53.0,44.720001220703125,149.4600067138672,0.0
87.0,-24.469999313354492,-68.45999908447266,1.0
64.0,-58.86000061035156,157.60000610351562,1.0
32.0,-2.9000000953674316,139.0800018310547,0.0
10.0,-51.939998626708984,-74.13999938964844,0.0
99.0,-16.0,-71.87999725341797,0.0
44.0,-22.280000686645508,-70.55000305175781,1.0
72.0,-7.900000095367432,158.67999267578125,0.0
50.0,-8.75,124.04000091552734,1.0
587.0,-21.65999984741211,-179.4199981689453,0.0
55.0,-10.140000343322754,-78.5999984741211,0.0
148.0,18.0,-64.66999816894531,0.0
44.0,51.349998474121094,-178.50999450683594,0.0
47.0,32.2599983215332,131.77999877929688,1.0
47.0,32.310001373291016,131.8300018310547,1.0
73.0,-37.72999954223633,177.66000366210938,0.0
68.0,26.020000457763672,95.37000274658203,1.0
653.0,-1.4600000381469727,-72.55999755859375,1.0
17.0,1.159999966621399,126.19999694824219,0.0
46.0,-13.920000076293945,166.64999389648438,0.0
20.0,-14.130000114440918,166.55999755859375,1.0
45.0,-60.630001068115234,-25.270000457763672,0.0
43.0,-13.890000343322754,166.52999877929688,0.0
92.0,-9.0,117.94999694824219,0.0
30.0,60.70000076293945,-145.3800048828125,0.0
33.0,-56.459999084472656,-142.61000061035156,0.0
76.0,-4.599999904632568,153.22000122070312,1.0
643.0,52.36000061035156,151.63999938964844,1.0
39.0,17.700000762939453,147.64999389648438,1.0
50.0,13.0,144.5,0.0
42.0,-6.5,154.6300048828125,0.0
8.0,6.369999885559082,-77.4800033569336,1.0
6.0,6.519999980926514,-77.4000015258789,0.0
60.0,-13.520000457763672,166.58999633789062,1.0
32.0,-3.559999942779541,86.19000244140625,0.0
7.0,-31.940000534057617,-177.88999938964844,1.0
33.0,-32.0,-178.10000610351562,0.0
124.0,-4.099999904632568,143.10000610351562,0.0
0.0,73.30999755859375,54.88999938964844,1.0
37.0,39.25,140.7100067138672,0.0
45.0,-4.96999979019165,145.4499969482422,1.0
33.0,-3.430000066757202,135.64999389648438,1.0
22.0,-5.099999904632568,145.1300048828125,1.0
80.0,-6.050000190734863,148.5500030517578,0.0
39.0,43.459999084472656,146.94000244140625,0.0
16.0,-20.940000534057617,-69.80999755859375,0.0
119.0,-4.110000133514404,142.8800048828125,0.0
10.0,-11.020000457763672,163.4499969482422,1.0
25.0,-11.029999732971191,163.41000366210938,0.0
29.0,-23.190000534057617,-70.11000061035156,0.0
39.0,41.790000915527344,143.5,0.0
183.0,29.790000915527344,140.11000061035156,1.0
46.0,-30.809999465942383,-71.16000366210938,0.0
15.0,-3.9700000286102295,-80.66000366210938,1.0
0.0,43.869998931884766,54.779998779296875,1.0
46.0,-1.590000033378601,99.94999694824219,0.0
0.0,43.810001373291016,54.81999969482422,1.0
63.0,-5.230000019073486,153.58999633789062,1.0
70.0,-10.579999923706055,161.38999938964844,1.0
41.0,-3.2100000381469727,139.69000244140625,1.0
3.0,-2.950000047683716,139.63999938964844,0.0
40.0,-3.059999942779541,139.6199951171875,1.0
34.0,-3.309999942779541,139.75999450683594,0.0
39.0,-3.009999990463257,139.6199951171875,0.0
52.0,-3.240000009536743,139.83999633789062,0.0
18.0,-3.309999942779541,139.91000366210938,1.0
22.0,-3.369999885559082,139.91000366210938,0.0
55.0,-3.0799999237060547,139.4499969482422,1.0
33.0,-3.4100000858306885,139.5500030517578,0.0
134.0,-3.630000114440918,139.44000244140625,0.0
31.0,-9.649999618530273,151.39999389648438,0.0
45.0,51.459999084472656,-177.7100067138672,0.0
515.0,51.689998626708984,150.97000122070312,1.0
57.0,-2.890000104904175,139.3800048828125,0.0
40.0,0.5299999713897705,98.72000122070312,1.0
40.0,51.470001220703125,-176.80999755859375,0.0
12.0,-63.43000030517578,-61.36000061035156,1.0
9.0,34.400001525878906,-118.43000030517578,1.0
166.0,-23.809999465942383,-67.19999694824219,1.0
115.0,-5.75,145.38999938964844,1.0
21.0,-10.930000305175781,163.8000030517578,0.0
20.0,8.430000305175781,127.2300033569336,0.0
49.0,-22.959999084472656,-176.13999938964844,1.0
29.0,70.97000122070312,-6.860000133514404,0.0
14.0,41.41999816894531,79.19999694824219,0.0
92.0,4.760000228881836,126.5199966430664,1.0
0.0,60.33000183105469,-140.94000244140625,0.0
33.0,37.29999923706055,71.06999969482422,0.0
49.0,38.40999984741211,142.17999267578125,0.0
67.0,-0.36000001430511475,124.7300033569336,1.0
150.0,53.2599983215332,-170.52999877929688,0.0
29.0,2.450000047683716,129.1300048828125,1.0
74.0,-4.420000076293945,102.31999969482422,1.0
37.0,28.299999237060547,55.61000061035156,1.0
0.0,49.77000045776367,78.08000183105469,0.0
38.0,51.40999984741211,-177.2100067138672,1.0
46.0,-6.539999961853027,105.37000274658203,0.0
146.0,-42.279998779296875,-71.79000091552734,0.0
29.0,-39.779998779296875,-104.87000274658203,1.0
42.0,7.989999771118164,126.94999694824219,0.0
0.0,63.91999816894531,146.10000610351562,0.0
3.0,38.849998474121094,40.52000045776367,0.0
35.0,18.020000457763672,-69.79000091552734,1.0
19.0,51.66999816894531,176.0399932861328,0.0
76.0,-25.399999618530273,-69.05999755859375,1.0
34.0,-5.260000228881836,153.4600067138672,0.0
54.0,-6.230000019073486,154.4499969482422,1.0
0.0,-5.179999828338623,96.88999938964844,0.0
58.0,-5.96999979019165,144.3800048828125,1.0
92.0,-7.03000020980835,129.6999969482422,1.0
40.0,-32.5099983215332,-71.20999908447266,1.0
36.0,-32.189998626708984,-71.72000122070312,0.0
43.0,-5.519999980926514,153.8699951171875,1.0
48.0,-4.860000133514404,153.32000732421875,0.0
37.0,-5.78000020980835,153.8000030517578,0.0
36.0,52.130001068115234,173.02999877929688,0.0
43.0,-4.929999828338623,153.17999267578125,1.0
41.0,39.810001373291016,77.22000122070312,0.0
74.0,-5.400000095367432,152.07000732421875,0.0
33.0,-5.53000020980835,151.83999633789062,0.0
77.0,-5.159999847412109,152.25999450683594,1.0
48.0,-5.699999809265137,151.9600067138672,1.0
23.0,-5.809999942779541,151.5500030517578,1.0
49.0,-5.860000133514404,151.30999755859375,1.0
88.0,-2.7899999618530273,-77.3499984741211,1.0
59.0,-4.889999866485596,153.33999633789062,0.0
25.0,-5.139999866485596,152.8699951171875,0.0
45.0,41.369998931884766,143.44000244140625,1.0
43.0,-0.8500000238418579,-22.06999969482422,1.0
60.0,-5.880000114440918,154.30999755859375,0.0
43.0,-5.739999771118164,152.1300048828125,0.0
32.0,49.290000915527344,155.49000549316406,1.0
9.0,13.300000190734863,-92.41000366210938,0.0
33.0,-55.72999954223633,-26.040000915527344,0.0
14.0,46.540000915527344,141.14999389648438,1.0
21.0,46.7599983215332,141.38999938964844,1.0
27.0,46.279998779296875,141.02999877929688,0.0
7.0,44.34000015258789,150.85000610351562,1.0
29.0,-20.40999984741211,-174.1699981689453,0.0
22.0,-6.460000038146973,151.5500030517578,1.0
4.0,-6.789999961853027,151.8000030517578,0.0
30.0,39.16999816894531,143.39999389648438,0.0
107.0,-5.929999828338623,130.67999267578125,1.0
111.0,-6.539999961853027,146.63999938964844,1.0
70.0,-0.019999999552965164,124.83999633789062,0.0
0.0,73.38999938964844,54.90999984741211,1.0
27.0,46.40999984741211,141.16000366210938,0.0
148.0,3.630000114440918,125.91999816894531,0.0
30.0,-0.44999998807907104,-4.889999866485596,1.0
52.0,-6.550000190734863,154.97000122070312,0.0
111.0,-5.420000076293945,154.27999877929688,0.0
26.0,11.829999923706055,142.52000427246094,0.0
50.0,-6.489999771118164,151.17999267578125,0.0
21.0,11.859999656677246,142.3800048828125,1.0
21.0,11.859999656677246,142.35000610351562,1.0
49.0,-15.569999694824219,167.24000549316406,1.0
45.0,-5.929999828338623,154.0500030517578,1.0
107.0,-5.570000171661377,153.99000549316406,0.0
66.0,-5.949999809265137,153.83999633789062,0.0
53.0,10.109999656677246,92.93000030517578,0.0
533.0,-23.450000762939453,-179.8800048828125,1.0
119.0,-11.869999885559082,166.5500030517578,1.0
135.0,-11.9399995803833,166.57000732421875,0.0
99.0,52.849998474121094,159.22000122070312,1.0
33.0,-55.189998626708984,-128.8699951171875,0.0
99.0,-29.860000610351562,-69.5,0.0
38.0,44.77000045776367,153.3300018310547,1.0
77.0,-6.019999980926514,154.55999755859375,0.0
39.0,56.040000915527344,163.1699981689453,1.0
0.0,47.900001525878906,48.06999969482422,1.0
116.0,-4.75,151.83999633789062,0.0
11.0,-16.850000381469727,174.89999389648438,0.0
6.0,22.5,122.08000183105469,0.0
166.0,-4.599999904632568,151.86000061035156,0.0
29.0,-30.649999618530273,-177.82000732421875,0.0
12.0,-2.0899999141693115,138.9600067138672,0.0
36.0,20.950000762939453,120.26000213623047,1.0
56.0,-55.720001220703125,-28.75,1.0
23.0,-4.840000152587891,145.10000610351562,0.0
37.0,-4.739999771118164,145.0,0.0
214.0,36.400001525878906,70.72000122070312,0.0
33.0,-13.180000305175781,166.32000732421875,0.0
12.0,-3.5399999618530273,151.2899932861328,0.0
29.0,22.549999237060547,122.37000274658203,1.0
34.0,23.049999237060547,122.13999938964844,1.0
127.0,-19.3799991607666,169.1300048828125,1.0
45.0,19.360000610351562,122.05999755859375,0.0
5.0,-15.359999656677246,-173.3000030517578,0.0
101.0,-11.430000305175781,166.3699951171875,1.0
60.0,-17.6200008392334,-71.2699966430664,0.0
40.0,-60.59000015258789,-25.5,0.0
50.0,33.380001068115234,140.97000122070312,1.0
52.0,33.47999954223633,141.0500030517578,0.0
12.0,-18.940000534057617,-173.72000122070312,0.0
54.0,33.45000076293945,141.0,0.0
181.0,-28.25,-178.27000427246094,1.0
29.0,-3.740000009536743,131.38999938964844,0.0
37.0,33.599998474121094,141.3800048828125,0.0
72.0,40.84000015258789,141.97999572753906,0.0
52.0,-6.789999961853027,-76.76000213623047,1.0
43.0,51.27000045776367,-179.2100067138672,1.0
135.0,49.04999923706055,153.60000610351562,1.0
33.0,-45.099998474121094,166.67999267578125,0.0
43.0,56.13999938964844,-157.13999938964844,1.0
124.0,48.040000915527344,153.1300048828125,0.0
40.0,43.33000183105469,146.02999877929688,0.0
479.0,-25.690000534057617,179.5800018310547,1.0
33.0,-49.349998474121094,164.08999633789062,1.0
1.0,-16.049999237060547,-173.0,0.0
376.0,-7.46999979019165,125.55999755859375,1.0
33.0,-53.52000045776367,159.0800018310547,0.0
21.0,42.09000015258789,84.58000183105469,0.0
11.0,28.389999389648438,52.779998779296875,1.0
0.0,0.9900000095367432,-28.299999237060547,1.0
48.0,24.100000381469727,122.44000244140625,0.0
91.0,53.95000076293945,-166.82000732421875,0.0
116.0,-31.399999618530273,-110.98999786376953,0.0
29.0,23.600000381469727,121.55000305175781,1.0
38.0,13.380000114440918,120.33999633789062,1.0
413.0,-5.130000114440918,154.22999572753906,1.0
30.0,5.21999979019165,-100.31999969482422,0.0
46.0,-15.9399995803833,167.52999877929688,1.0
14.0,35.15999984741211,23.559999465942383,0.0
38.0,-4.210000038146973,152.7100067138672,0.0
565.0,-17.81999969482422,-178.7899932861328,0.0
342.0,-27.739999771118164,-178.99000549316406,0.0
36.0,16.610000610351562,122.19000244140625,0.0
208.0,-17.760000228881836,-175.05999755859375,1.0
45.0,-11.050000190734863,116.97000122070312,1.0
39.0,-30.34000015258789,-71.58000183105469,0.0
336.0,3.859999895095825,124.26000213623047,1.0
27.0,53.25,-166.77999877929688,0.0
66.0,-7.119999885559082,155.8699951171875,0.0
47.0,36.279998779296875,69.69000244140625,0.0
31.0,50.099998474121094,-129.3000030517578,0.0
29.0,56.77000045776367,-135.91000366210938,1.0
19.0,30.709999084472656,141.82000732421875,0.0
92.0,2.3499999046325684,127.55999755859375,0.0
47.0,49.130001068115234,155.97000122070312,0.0
10.0,-11.100000381469727,162.1699981689453,0.0
20.0,-16.65999984741211,-172.00999450683594,0.0
45.0,51.34000015258789,-179.2899932861328,0.0
43.0,-6.289999961853027,144.4600067138672,0.0
26.0,-6.039999961853027,152.89999389648438,1.0
22.0,-6.050000190734863,152.6300048828125,0.0
53.0,-5.150000095367432,134.08999633789062,1.0
573.0,49.470001220703125,147.0800018310547,0.0
115.0,-33.4900016784668,-179.39999389648438,0.0
0.0,73.38999938964844,54.650001525878906,1.0
122.0,-14.989999771118164,167.3000030517578,0.0
51.0,29.40999984741211,130.63999938964844,1.0
45.0,35.939998626708984,73.33000183105469,1.0
64.0,-11.779999732971191,166.30999755859375,1.0
154.0,1.899999976158142,128.1999969482422,0.0
49.0,-19.889999389648438,169.0800018310547,1.0
107.0,-2.5199999809265137,119.22000122070312,0.0
0.0,71.41999816894531,-10.390000343322754,0.0
48.0,-15.350000381469727,-175.60000610351562,0.0
75.0,37.959999084472656,22.3799991607666,0.0
30.0,-20.360000610351562,168.88999938964844,0.0
20.0,15.229999542236328,-96.26000213623047,1.0
23.0,-9.930000305175781,119.5999984741211,0.0
0.0,19.549999237060547,-70.22000122070312,0.0
33.0,-6.21999979019165,131.14999389648438,1.0
33.0,-6.559999942779541,131.3000030517578,0.0
7.0,-30.90999984741211,-68.20999908447266,0.0
10.0,-16.469999313354492,-172.1699981689453,0.0
632.0,7.460000038146973,123.7699966430664,1.0
119.0,1.809999942779541,127.44999694824219,0.0
35.0,52.88999938964844,-162.97999572753906,1.0
33.0,-8.789999961853027,124.9800033569336,1.0
63.0,27.479999542236328,128.57000732421875,1.0
2.0,-7.329999923706055,146.8300018310547,0.0
0.0,49.90999984741211,78.8499984741211,1.0
37.0,-20.030000686645508,168.91000366210938,1.0
22.0,23.8700008392334,121.61000061035156,0.0
111.0,38.33000183105469,73.16999816894531,0.0
0.0,-6.71999979019165,154.52999877929688,0.0
73.0,6.409999847412109,126.62000274658203,1.0
62.0,33.34000015258789,140.82000732421875,1.0
0.0,-1.5199999809265137,136.6699981689453,1.0
0.0,49.970001220703125,78.94999694824219,1.0
16.0,44.68000030517578,149.3699951171875,0.0
83.0,-7.0,155.80999755859375,0.0
139.0,-7.5,127.83000183105469,1.0
159.0,-4.349999904632568,153.4499969482422,1.0
61.0,-30.510000228881836,-71.08000183105469,0.0
147.0,-39.02000045776367,175.22999572753906,1.0
24.0,-14.65999984741211,166.41000366210938,1.0
38.0,-6.880000114440918,150.02999877929688,1.0
90.0,-12.100000381469727,166.52000427246094,1.0
112.0,-0.14000000059604645,124.0,0.0
48.0,18.530000686645508,-102.93000030517578,1.0
508.0,28.219999313354492,139.3000030517578,0.0
214.0,-22.530000686645508,-66.19000244140625,1.0
5.0,31.329999923706055,100.48999786376953,0.0
35.0,31.5,100.33000183105469,0.0
42.0,22.270000457763672,121.5199966430664,0.0
53.0,-19.15999984741211,168.69000244140625,0.0
41.0,-61.099998474121094,-38.0099983215332,1.0
62.0,50.5099983215332,156.5800018310547,1.0
24.0,54.72999954223633,161.6999969482422,0.0
25.0,6.320000171661377,127.37999725341797,0.0
56.0,-3.009999990463257,139.0800018310547,0.0
62.0,50.779998779296875,157.19000244140625,1.0
11.0,2.180000066757202,126.6500015258789,0.0
193.0,-19.40999984741211,169.38999938964844,0.0
44.0,13.40999984741211,122.87000274658203,0.0
33.0,2.0899999141693115,126.55000305175781,0.0
51.0,29.299999237060547,130.41000366210938,0.0
146.0,4.699999809265137,-75.66999816894531,1.0
39.0,7.0,91.33000183105469,0.0
38.0,-15.8100004196167,167.24000549316406,0.0
15.0,-9.8100004196167,119.29000091552734,0.0
46.0,50.86000061035156,157.42999267578125,1.0
20.0,4.960000038146973,-78.12000274658203,1.0
19.0,-59.380001068115234,-26.1200008392334,1.0
9.0,20.049999237060547,-155.16000366210938,0.0
15.0,-10.010000228881836,150.1999969482422,1.0
33.0,2.25,126.73999786376953,0.0
48.0,-1.4600000381469727,99.80000305175781,0.0
0.0,-6.340000152587891,151.17999267578125,0.0
23.0,-6.260000228881836,151.86000061035156,0.0
0.0,53.970001220703125,-163.7100067138672,1.0
1.0,24.309999465942383,93.5199966430664,0.0
33.0,-54.0,159.35000610351562,0.0
91.0,-10.3100004196167,161.4199981689453,1.0
0.0,-6.730000019073486,154.80999755859375,0.0
55.0,-7.269999980926514,156.13999938964844,0.0
33.0,53.61000061035156,161.3800048828125,0.0
44.0,51.27000045776367,-179.3800048828125,0.0
0.0,44.97999954223633,-125.87000274658203,0.0
41.0,43.119998931884766,145.74000549316406,1.0
39.0,42.91999816894531,146.38999938964844,0.0
11.0,42.650001525878906,146.0800018310547,1.0
0.0,-5.880000114440918,151.86000061035156,1.0
26.0,43.279998779296875,146.42999267578125,1.0
19.0,43.13999938964844,146.88999938964844,0.0
45.0,19.110000610351562,121.19000244140625,0.0
10.0,43.0099983215332,146.66000366210938,0.0
56.0,43.279998779296875,145.80999755859375,0.0
30.0,57.86000061035156,-137.4199981689453,1.0
56.0,12.210000038146973,125.29000091552734,1.0
0.0,57.9900016784668,-138.0399932861328,1.0
22.0,35.15999984741211,86.4000015258789,0.0
49.0,36.45000076293945,141.0500030517578,0.0
373.0,-24.829999923706055,-179.19000244140625,0.0
0.0,49.939998626708984,78.8499984741211,1.0
203.0,-14.329999923706055,167.2899932861328,1.0
33.0,-16.219999313354492,-173.0800018310547,1.0
44.0,43.380001068115234,146.4600067138672,0.0
109.0,-4.5,144.10000610351562,0.0
346.0,-31.3799991607666,-179.3800048828125,1.0
33.0,57.09000015258789,-154.1199951171875,0.0
55.0,-7.21999979019165,156.0800018310547,0.0
75.0,18.25,-96.58000183105469,1.0
77.0,-0.15000000596046448,-17.969999313354492,0.0
45.0,-37.27000045776367,179.32000732421875,0.0
43.0,7.150000095367432,84.33000183105469,0.0
552.0,42.47999954223633,131.0500030517578,0.0
0.0,73.31999969482422,54.970001220703125,1.0
64.0,9.199999809265137,126.19000244140625,0.0
128.0,-7.019999980926514,-76.19000244140625,0.0
542.0,9.229999542236328,123.91999816894531,0.0
33.0,-4.400000095367432,-102.0999984741211,1.0
33.0,-4.369999885559082,-102.04000091552734,1.0
33.0,-54.970001220703125,146.25,0.0
0.0,70.80000305175781,53.41999816894531,0.0
567.0,41.93000030517578,130.99000549316406,1.0
56.0,35.66999816894531,140.63999938964844,0.0
33.0,-32.97999954223633,-71.87000274658203,0.0
33.0,-61.04999923706055,-21.700000762939453,1.0
28.0,-14.34000015258789,167.05999755859375,0.0
32.0,0.5199999809265137,-29.469999313354492,0.0
56.0,19.420000076293945,-104.9800033569336,1.0
517.0,-21.950000762939453,-63.650001525878906,1.0
0.0,70.80000305175781,53.91999816894531,1.0
48.0,-2.9600000381469727,139.33999633789062,0.0
7.0,-25.979999542236328,-67.72000122070312,0.0
18.0,51.52000045776367,-175.27000427246094,0.0
60.0,49.9900016784668,156.3300018310547,0.0
270.0,-31.200000762939453,-179.47000122070312,0.0
62.0,49.9900016784668,156.30999755859375,0.0
56.0,38.97999954223633,141.92999267578125,1.0
45.0,53.61000061035156,160.49000549316406,0.0
124.0,-15.180000305175781,167.42999267578125,1.0
23.0,-35.59000015258789,-74.54000091552734,0.0
42.0,43.25,146.75,0.0
26.0,-19.899999618530273,169.66000366210938,0.0
0.0,50.029998779296875,79.0199966430664,0.0
52.0,51.380001068115234,-177.85000610351562,0.0
42.0,-9.520000457763672,119.38999938964844,1.0
191.0,-20.610000610351562,-176.32000732421875,0.0
517.0,-23.8799991607666,180.0,1.0
13.0,-14.5600004196167,166.8000030517578,1.0
43.0,-15.130000114440918,166.91000366210938,1.0
41.0,-14.920000076293945,166.47999572753906,0.0
10.0,-15.369999885559082,166.5399932861328,0.0
83.0,-22.489999771118164,-68.26000213623047,1.0
92.0,-12.279999732971191,-76.30000305175781,1.0
24.0,-38.84000015258789,46.43000030517578,0.0
36.0,-14.449999809265137,166.8699951171875,1.0
27.0,42.029998779296875,143.88999938964844,0.0
51.0,-5.150000095367432,134.14999389648438,0.0
32.0,-7.389999866485596,155.9199981689453,0.0
33.0,-7.0,155.77999877929688,0.0
12.0,-7.28000020980835,155.6300048828125,1.0
21.0,18.93000030517578,120.12999725341797,0.0
39.0,-5.130000114440918,133.91000366210938,0.0
46.0,-7.349999904632568,155.82000732421875,0.0
7.0,53.7400016784668,-164.6999969482422,0.0
10.0,-3.7899999618530273,134.00999450683594,0.0
391.0,33.16999816894531,136.97999572753906,0.0
46.0,44.0099983215332,147.77999877929688,0.0
37.0,1.2699999809265137,97.62999725341797,1.0
34.0,9.510000228881836,-83.94999694824219,0.0
19.0,-20.020000457763672,169.77000427246094,1.0
47.0,-7.480000019073486,156.1999969482422,0.0
57.0,-7.480000019073486,156.00999450683594,0.0
154.0,48.310001373291016,153.16000366210938,0.0
25.0,-14.90999984741211,-172.8300018310547,0.0
504.0,-23.93000030517578,179.8800048828125,1.0
74.0,12.569999694824219,144.24000549316406,0.0
23.0,57.560001373291016,-153.9199981689453,0.0
8.0,55.150001525878906,-160.57000732421875,0.0
6.0,55.04999923706055,-160.50999450683594,1.0
44.0,-26.280000686645508,-175.77999877929688,1.0
386.0,-31.549999237060547,179.7899932861328,1.0
33.0,-33.4900016784668,-177.30999755859375,1.0
10.0,34.56999969482422,138.75,0.0
33.0,-4.300000190734863,-102.06999969482422,0.0
17.0,28.190000534057617,103.9800033569336,0.0
43.0,1.8700000047683716,126.4800033569336,1.0
26.0,19.729999542236328,147.33999633789062,1.0
58.0,49.97999954223633,156.22000122070312,1.0
100.0,-11.170000076293945,-75.01000213623047,0.0
141.0,-6.550000190734863,106.7699966430664,0.0
13.0,-17.68000030517578,167.8000030517578,0.0
7.0,-17.6200008392334,167.52999877929688,1.0
0.0,49.90999984741211,78.91000366210938,0.0
256.0,-15.890000343322754,-175.0399932861328,1.0
397.0,-31.8799991607666,179.94000244140625,1.0
52.0,-56.029998779296875,-27.469999313354492,0.0
0.0,-2.25,141.10000610351562,0.0
20.0,-26.020000457763672,84.30000305175781,1.0
68.0,-4.71999979019165,152.55999755859375,0.0
33.0,-29.219999313354492,-175.94000244140625,1.0
77.0,-29.3700008392334,-176.1300048828125,1.0
16.0,45.20000076293945,93.86000061035156,0.0
45.0,36.439998626708984,141.1699981689453,1.0
12.0,7.760000228881836,-77.56999969482422,1.0
10.0,7.739999771118164,-77.54000091552734,0.0
50.0,46.220001220703125,153.13999938964844,1.0
46.0,46.0099983215332,152.8800048828125,0.0
210.0,36.41999816894531,70.76000213623047,1.0
7.0,39.34000015258789,73.7699966430664,1.0
26.0,39.459999084472656,73.62999725341797,0.0
19.0,-38.34000015258789,-73.2699966430664,0.0
45.0,32.18000030517578,142.3699951171875,0.0
0.0,73.41000366210938,54.93000030517578,1.0
34.0,18.270000457763672,119.19999694824219,0.0
62.0,-4.260000228881836,143.5500030517578,0.0
60.0,-9.800000190734863,108.48999786376953,1.0
40.0,55.25,162.0,0.0
331.0,-30.540000915527344,-178.02999877929688,0.0
105.0,-6.199999809265137,146.10000610351562,0.0
41.0,-0.2800000011920929,12.829999923706055,0.0
5.0,43.119998931884766,146.55999755859375,1.0
9.0,-12.239999771118164,-77.58000183105469,1.0
41.0,17.3700008392334,-61.9900016784668,1.0
34.0,44.63999938964844,150.08999633789062,1.0
596.0,-17.969999313354492,-178.49000549316406,0.0
18.0,-8.399999618530273,154.02999877929688,1.0
33.0,-15.489999771118164,167.10000610351562,1.0
156.0,-6.929999828338623,129.52000427246094,1.0
0.0,70.80999755859375,53.90999984741211,1.0
125.0,42.529998779296875,141.75,0.0
6.0,-12.4399995803833,-77.45999908447266,1.0
55.0,-6.440000057220459,105.37999725341797,1.0
31.0,-15.90999984741211,-178.47000122070312,0.0
58.0,2.2699999809265137,121.05999755859375,0.0
44.0,35.849998474121094,141.10000610351562,0.0
62.0,-15.119999885559082,167.16000366210938,1.0
36.0,-53.59000015258789,-28.260000228881836,0.0
29.0,-6.059999942779541,154.22999572753906,1.0
58.0,-15.239999771118164,167.3000030517578,0.0
429.0,30.709999084472656,138.44000244140625,1.0
32.0,-6.150000095367432,153.0500030517578,0.0
32.0,-5.039999961853027,129.99000549316406,1.0
20.0,0.5099999904632568,97.88999938964844,0.0
156.0,-7.650000095367432,-74.45999908447266,1.0
32.0,-2.299999952316284,99.01000213623047,0.0
7.0,51.65999984741211,174.58999633789062,0.0
45.0,35.04999923706055,72.91000366210938,0.0
58.0,61.91999816894531,-149.72000122070312,0.0
74.0,-2.990000009536743,101.68000030517578,0.0
82.0,-4.929999828338623,130.08999633789062,1.0
99.0,-17.860000610351562,-174.57000732421875,0.0
1.0,32.380001068115234,78.5,1.0
49.0,31.940000534057617,78.52999877929688,0.0
6.0,35.04999923706055,141.3699951171875,0.0
40.0,7.179999828338623,-77.76000213623047,1.0
2.0,53.0,173.47000122070312,0.0
10.0,53.08000183105469,173.5800018310547,1.0
16.0,40.65999984741211,122.62999725341797,1.0
9.0,-7.239999771118164,149.5800018310547,1.0
43.0,51.31999969482422,-179.44000244140625,1.0
333.0,-24.979999542236328,-178.8800048828125,1.0
72.0,-6.070000171661377,148.2100067138672,0.0
574.0,-17.84000015258789,-178.52999877929688,0.0
7.0,-2.390000104904175,126.1500015258789,1.0
31.0,27.469999313354492,56.2400016784668,0.0
28.0,-29.889999389648438,-71.4000015258789,1.0
86.0,-21.75,170.52999877929688,1.0
111.0,-4.260000228881836,-77.01000213623047,1.0
29.0,22.68000030517578,122.83999633789062,1.0
429.0,-32.36000061035156,179.8800048828125,0.0
5.0,42.040000915527344,-112.41000366210938,0.0
131.0,-4.059999942779541,152.75,1.0
33.0,-50.84000015258789,139.19000244140625,0.0
93.0,-14.789999961853027,-72.66000366210938,0.0
15.0,71.48999786376953,-10.359999656677246,1.0
31.0,-36.40999984741211,-98.81999969482422,0.0
17.0,16.469999313354492,-98.86000061035156,0.0
472.0,-31.790000915527344,-179.50999450683594,0.0
33.0,35.79999923706055,79.86000061035156,0.0
24.0,37.20000076293945,142.08999633789062,0.0
30.0,-38.029998779296875,-72.77999877929688,1.0
37.0,1.0299999713897705,126.0199966430664,0.0
1.0,22.700000762939453,122.61000061035156,0.0
34.0,35.97999954223633,-17.559999465942383,1.0
97.0,0.75,122.61000061035156,1.0
647.0,-20.610000610351562,-179.13999938964844,0.0
59.0,-4.5,153.52999877929688,0.0
0.0,44.38999938964844,146.8699951171875,0.0
72.0,43.2599983215332,147.38999938964844,0.0
42.0,36.310001373291016,143.3000030517578,1.0
65.0,43.5099983215332,147.64999389648438,1.0
39.0,-3.0999999046325684,148.0,1.0
53.0,30.06999969482422,142.14999389648438,0.0
549.0,38.779998779296875,130.08999633789062,1.0
112.0,21.420000076293945,94.62000274658203,0.0
20.0,32.84000015258789,142.42999267578125,0.0
81.0,6.510000228881836,126.6500015258789,0.0
88.0,-10.34000015258789,161.1999969482422,0.0
54.0,-6.639999866485596,155.08999633789062,1.0
49.0,-7.150000095367432,155.2100067138672,1.0
58.0,-6.630000114440918,154.66000366210938,1.0
63.0,-6.840000152587891,155.41000366210938,1.0
93.0,-9.84000015258789,123.95999908447266,0.0
46.0,53.47999954223633,-161.38999938964844,1.0
33.0,-2.509999990463257,146.02999877929688,1.0
187.0,-22.729999542236328,-66.62000274658203,1.0
53.0,-6.900000095367432,147.77000427246094,0.0
41.0,54.91999816894531,167.8699951171875,0.0
0.0,73.33999633789062,54.5,1.0
68.0,10.039999961853027,125.86000061035156,0.0
65.0,-10.130000114440918,121.69999694824219,0.0
32.0,38.5099983215332,40.77000045776367,1.0
66.0,7.050000190734863,-104.18000030517578,1.0
27.0,-34.7400016784668,81.87999725341797,0.0
12.0,-20.450000762939453,-173.9600067138672,1.0
123.0,-9.489999771118164,-74.6500015258789,0.0
47.0,-4.829999923706055,102.23999786376953,1.0
19.0,-4.829999923706055,102.04000091552734,0.0
69.0,-12.539999961853027,166.47000122070312,1.0
23.0,0.9100000262260437,-26.709999084472656,1.0
128.0,-15.399999618530273,167.5500030517578,1.0
11.0,-24.90999984741211,-175.16000366210938,1.0
33.0,-24.200000762939453,-175.10000610351562,1.0
106.0,-7.539999961853027,128.75999450683594,1.0
0.0,70.83999633789062,53.529998779296875,1.0
0.0,73.33000183105469,54.93000030517578,1.0
61.0,6.539999961853027,126.80999755859375,0.0
39.0,-22.90999984741211,-70.4800033569336,0.0
0.0,49.90999984741211,78.91999816894531,0.0
62.0,42.04999923706055,142.66000366210938,0.0
48.0,12.470000267028809,126.01000213623047,1.0
117.0,13.819999694824219,144.7899932861328,1.0
405.0,-18.389999389648438,-177.8800048828125,0.0
30.0,12.5,126.05999755859375,1.0
44.0,13.829999923706055,125.06999969482422,0.0
35.0,12.90999984741211,125.88999938964844,1.0
69.0,-12.25,166.61000061035156,0.0
0.0,7.550000190734863,-77.5,0.0
411.0,-33.02000045776367,-179.9600067138672,0.0
51.0,-57.779998779296875,-25.520000457763672,0.0
11.0,19.459999084472656,-155.13999938964844,0.0
49.0,-14.920000076293945,-172.8800048828125,1.0
94.0,-11.539999961853027,-74.5199966430664,0.0
69.0,-7.010000228881836,155.75,0.0
33.0,-11.739999771118164,164.80999755859375,0.0
546.0,51.93000030517578,151.57000732421875,1.0
102.0,-4.070000171661377,142.11000061035156,1.0
33.0,-16.219999313354492,-172.47000122070312,1.0
18.0,-56.79999923706055,-68.41999816894531,0.0
23.0,-28.780000686645508,-177.38999938964844,1.0
101.0,-13.3100004196167,-74.94000244140625,0.0
5.0,66.25,-16.540000915527344,0.0
29.0,-29.479999542236328,-177.57000732421875,1.0
56.0,-29.020000457763672,-177.4199981689453,1.0
42.0,-29.639999389648438,-176.75999450683594,0.0
64.0,-30.010000228881836,-176.85000610351562,1.0
33.0,-32.66999816894531,-178.2100067138672,0.0
11.0,-32.650001525878906,-177.80999755859375,1.0
5.0,44.7400016784668,149.14999389648438,1.0
615.0,-7.460000038146973,119.88999938964844,1.0
54.0,-28.649999618530273,-177.3800048828125,0.0
48.0,44.619998931884766,149.69000244140625,0.0
68.0,-29.350000381469727,-177.2899932861328,1.0
48.0,17.149999618530273,-100.2300033569336,0.0
38.0,54.52000045776367,162.02000427246094,0.0
5.0,15.279999732971191,-89.19000244140625,1.0
37.0,-5.960000038146973,146.3300018310547,0.0
40.0,-57.38999938964844,-64.45999908447266,0.0
0.0,12.979999542236328,125.73999786376953,1.0
71.0,-6.360000133514404,154.83999633789062,0.0
9.0,-39.93000030517578,-74.88999938964844,0.0
50.0,-8.359999656677246,121.45999908447266,0.0
98.0,-14.770000457763672,167.1199951171875,1.0
25.0,-10.619999885559082,165.05999755859375,1.0
75.0,-29.920000076293945,-177.8000030517578,1.0
3.0,-30.600000381469727,-178.2100067138672,0.0
35.0,3.9600000381469727,-85.87999725341797,0.0
21.0,-3.940000057220459,152.0399932861328,0.0
10.0,40.310001373291016,63.720001220703125,1.0
5.0,40.18000030517578,63.790000915527344,1.0
19.0,0.8500000238418579,-79.62999725341797,1.0
19.0,28.700000762939453,52.119998931884766,0.0
19.0,-44.58000183105469,167.63999938964844,0.0
10.0,-29.93000030517578,-177.6199951171875,1.0
12.0,46.349998474121094,13.260000228881836,0.0
21.0,-7.46999979019165,154.67999267578125,0.0
21.0,-7.579999923706055,154.61000061035156,0.0
40.0,-51.599998474121094,139.75999450683594,0.0
32.0,-32.630001068115234,-178.19000244140625,0.0
146.0,-37.279998779296875,177.16000366210938,1.0
5.0,-11.619999885559082,-74.44999694824219,0.0
14.0,40.349998474121094,63.45000076293945,1.0
161.0,4.489999771118164,-75.7699966430664,0.0
72.0,-31.299999237060547,-177.6699981689453,0.0
198.0,3.690000057220459,125.13999938964844,0.0
112.0,-5.909999847412109,145.8800048828125,0.0
107.0,-5.599999904632568,154.2899932861328,1.0
164.0,-5.599999904632568,148.35000610351562,0.0
122.0,-5.019999980926514,153.64999389648438,0.0
56.0,-10.510000228881836,-78.30000305175781,0.0
3.0,24.510000228881836,98.94999694824219,0.0
27.0,-41.5,-75.33999633789062,1.0
96.0,-5.130000114440918,153.5500030517578,1.0
79.0,-10.079999923706055,161.05999755859375,1.0
36.0,-7.380000114440918,154.69000244140625,0.0
28.0,14.0600004196167,124.87000274658203,1.0
48.0,17.450000762939453,-100.6500015258789,1.0
36.0,0.5199999809265137,134.75,0.0
21.0,24.790000915527344,125.9800033569336,0.0
1.0,3.4000000953674316,96.27999877929688,1.0
35.0,0.5299999713897705,134.83999633789062,0.0
33.0,-4.579999923706055,140.1300048828125,1.0
35.0,-4.340000152587891,139.86000061035156,0.0
26.0,3.7799999713897705,126.80999755859375,1.0
33.0,-4.519999980926514,140.24000549316406,0.0
20.0,-33.779998779296875,-177.8300018310547,1.0
29.0,-29.510000228881836,25.170000076293945,0.0
0.0,49.849998474121094,78.97000122070312,0.0
33.0,-50.0099983215332,-115.0999984741211,0.0
402.0,47.310001373291016,145.75,0.0
25.0,7.480000019073486,-78.27999877929688,1.0
3.0,7.409999847412109,-78.05000305175781,1.0
37.0,-8.210000038146973,114.87000274658203,1.0
41.0,-8.170000076293945,114.83999633789062,0.0
62.0,-4.179999828338623,152.75999450683594,1.0
10.0,39.560001373291016,117.87000274658203,1.0
37.0,39.709999084472656,118.37000274658203,1.0
0.0,47.810001373291016,48.099998474121094,0.0
6.0,-30.31999969482422,-177.8699951171875,0.0
43.0,-20.59000015258789,169.30999755859375,1.0
31.0,26.700000762939453,97.04000091552734,1.0
9.0,32.779998779296875,104.08999633789062,1.0
146.0,-34.279998779296875,-176.52999877929688,1.0
8.0,6.21999979019165,124.11000061035156,1.0
33.0,7.179999828338623,123.55000305175781,0.0
52.0,7.329999923706055,123.54000091552734,0.0
44.0,7.349999904632568,123.41999816894531,0.0
33.0,10.09000015258789,125.9000015258789,1.0
17.0,7.21999979019165,122.98999786376953,1.0
165.0,-6.769999980926514,129.6199951171875,0.0
15.0,32.59000015258789,104.25,1.0
18.0,32.4900016784668,104.18000030517578,1.0
55.0,6.519999980926514,124.06999969482422,0.0
0.0,49.95000076293945,78.9800033569336,0.0
51.0,1.0299999713897705,147.55999755859375,0.0
12.0,-9.199999809265137,148.1699981689453,0.0
51.0,44.779998779296875,149.2100067138672,1.0
0.0,73.41000366210938,54.5,0.0
40.0,6.929999828338623,124.04000091552734,0.0
16.0,-30.479999542236328,-177.4199981689453,1.0
20.0,-6.429999828338623,153.0,1.0
115.0,-10.449999809265137,161.33999633789062,0.0
196.0,36.5,70.58000183105469,0.0
33.0,-4.539999961853027,139.92999267578125,1.0
47.0,-29.360000610351562,77.6500015258789,0.0
64.0,8.520000457763672,126.41000366210938,1.0
32.0,6.980000019073486,123.88999938964844,0.0
44.0,38.119998931884766,142.25999450683594,0.0
27.0,39.5,117.7300033569336,1.0
33.0,-8.84000015258789,156.97000122070312,1.0
52.0,7.090000152587891,123.58999633789062,1.0
0.0,49.970001220703125,79.01000213623047,0.0
10.0,39.04999923706055,44.040000915527344,1.0
424.0,-19.5,-177.6999969482422,1.0
11.0,41.33000183105469,-125.66000366210938,0.0
190.0,36.52000045776367,71.05000305175781,1.0
70.0,-20.56999969482422,-68.93000030517578,1.0
0.0,49.869998931884766,78.88999938964844,0.0
370.0,-31.950000762939453,179.17999267578125,0.0
503.0,28.040000915527344,139.6699981689453,0.0
11.0,28.270000457763672,130.6699981689453,1.0
6.0,48.84000015258789,-129.1300048828125,0.0
47.0,23.40999984741211,143.7100067138672,0.0
112.0,-7.900000095367432,109.0,0.0
27.0,-2.509999990463257,126.68000030517578,0.0
43.0,38.189998626708984,90.97000122070312,0.0
33.0,-3.6500000953674316,144.5,0.0
67.0,-24.93000030517578,-68.68000030517578,1.0
22.0,-41.7400016784668,174.3000030517578,0.0
15.0,37.02000045776367,95.7300033569336,0.0
55.0,5.039999961853027,126.62999725341797,0.0
20.0,40.11000061035156,70.86000061035156,1.0
555.0,-24.65999984741211,-63.38999938964844,0.0
31.0,-66.48999786376953,-82.44999694824219,1.0
33.0,-60.959999084472656,-22.959999084472656,1.0
49.0,0.5400000214576721,126.05000305175781,1.0
46.0,33.150001525878906,141.05999755859375,1.0
33.0,-41.310001373291016,80.5199966430664,0.0
44.0,53.540000915527344,169.9600067138672,1.0
54.0,-6.260000228881836,147.58999633789062,0.0
52.0,6.739999771118164,123.73999786376953,1.0
86.0,45.83000183105469,26.719999313354492,1.0
556.0,41.65999984741211,131.0500030517578,0.0
56.0,-4.960000038146973,131.02999877929688,0.0
40.0,16.729999542236328,122.29000091552734,1.0
43.0,44.15999984741211,148.22999572753906,1.0
0.0,-21.889999389648438,-138.9600067138672,0.0
24.0,27.59000015258789,56.380001068115234,1.0
119.0,-14.760000228881836,167.11000061035156,0.0
23.0,27.56999969482422,56.29999923706055,0.0
33.0,-16.790000915527344,-172.02000427246094,1.0
49.0,-9.899999618530273,160.44000244140625,1.0
33.0,-9.970000267028809,160.58999633789062,0.0
33.0,-9.9399995803833,160.47999572753906,1.0
33.0,-9.760000228881836,160.69000244140625,1.0
33.0,-9.729999542236328,160.1699981689453,1.0
31.0,-10.0,160.77000427246094,1.0
63.0,-10.210000038146973,160.74000549316406,0.0
42.0,-10.3100004196167,160.74000549316406,0.0
53.0,-1.809999942779541,120.45999908447266,0.0
0.0,49.86000061035156,78.83999633789062,0.0
21.0,-14.020000457763672,-14.489999771118164,0.0
69.0,-22.90999984741211,-175.74000549316406,1.0
31.0,22.68000030517578,-45.11000061035156,0.0
109.0,-7.730000019073486,127.7699966430664,0.0
44.0,1.4199999570846558,126.36000061035156,1.0
120.0,-56.16999816894531,-27.700000762939453,1.0
33.0,-53.81999969482422,158.83999633789062,1.0
37.0,16.860000610351562,122.38999938964844,1.0
48.0,-33.790000915527344,-179.5800018310547,1.0
17.0,-15.289999961853027,-173.07000732421875,1.0
3.0,-8.039999961853027,155.55999755859375,1.0
103.0,-56.11000061035156,-27.829999923706055,1.0
45.0,-10.579999923706055,161.35000610351562,0.0
53.0,-17.579999923706055,-174.38999938964844,1.0
62.0,-6.550000190734863,155.0,0.0
60.0,-7.889999866485596,107.55000305175781,0.0
36.0,46.7599983215332,153.6300048828125,0.0
54.0,-11.210000038146973,118.43000030517578,0.0
33.0,-11.15999984741211,118.41000366210938,1.0
39.0,-10.9399995803833,118.4000015258789,0.0
33.0,-10.890000343322754,119.16999816894531,0.0
33.0,-11.100000381469727,119.08999633789062,0.0
51.0,-10.880000114440918,119.26000213623047,1.0
33.0,-59.540000915527344,-20.59000015258789,1.0
4.0,-8.100000381469727,125.37999725341797,1.0
11.0,17.459999084472656,119.80000305175781,1.0
74.0,-11.039999961853027,119.16999816894531,0.0
59.0,-13.739999771118164,166.74000549316406,1.0
24.0,51.310001373291016,177.91000366210938,0.0
0.0,50.04999923706055,78.93000030517578,0.0
4.0,34.95000076293945,23.049999237060547,0.0
43.0,11.800000190734863,143.1199951171875,0.0
26.0,-1.9199999570846558,126.63999938964844,0.0
34.0,-11.289999961853027,118.0999984741211,0.0
29.0,-9.989999771118164,117.29000091552734,0.0
24.0,-25.8700008392334,-175.3699951171875,1.0
33.0,-15.779999732971191,-173.00999450683594,0.0
33.0,-27.93000030517578,173.1300048828125,1.0
592.0,-27.959999084472656,-62.81999969482422,1.0
103.0,-6.210000038146973,146.66000366210938,0.0
33.0,-11.479999542236328,118.20999908447266,1.0
95.0,-10.199999809265137,161.16000366210938,0.0
4.0,-31.040000915527344,-67.76000213623047,1.0
33.0,-31.020000457763672,-67.51000213623047,1.0
0.0,-21.860000610351562,-138.94000244140625,1.0
26.0,-31.3700008392334,-67.79000091552734,0.0
17.0,-31.440000534057617,-67.44000244140625,0.0
0.0,49.93000030517578,78.88999938964844,1.0
64.0,-5.010000228881836,145.10000610351562,0.0
22.0,3.5199999809265137,95.91000366210938,0.0
21.0,-31.239999771118164,-67.9000015258789,0.0
42.0,25.540000915527344,143.25,1.0
10.0,16.540000915527344,40.31999969482422,0.0
86.0,-5.130000114440918,151.7899932861328,1.0
125.0,-15.369999885559082,-71.70999908447266,1.0
19.0,18.790000915527344,121.91000366210938,0.0
50.0,44.560001373291016,149.5800018310547,1.0
24.0,34.79999923706055,139.22000122070312,1.0
20.0,-31.25,-68.0,0.0
112.0,-34.290000915527344,-70.37999725341797,0.0
46.0,-4.199999809265137,123.37000274658203,0.0
64.0,-5.389999866485596,151.72999572753906,1.0
81.0,-26.0,-177.24000549316406,1.0
80.0,-0.07000000029802322,124.0999984741211,0.0
34.0,-30.6299991607666,-177.60000610351562,0.0
99.0,-8.699999809265137,124.0,0.0
60.0,38.83000183105469,142.02999877929688,1.0
537.0,-4.940000057220459,125.25,0.0
517.0,-4.880000114440918,125.3499984741211,1.0
49.0,29.329999923706055,130.52999877929688,0.0
33.0,-26.600000381469727,-114.58999633789062,0.0
75.0,-4.659999847412109,153.05999755859375,1.0
436.0,31.93000030517578,137.6199951171875,0.0
441.0,31.989999771118164,137.61000061035156,1.0
278.0,26.450000762939453,140.75999450683594,1.0
47.0,-22.90999984741211,-175.3000030517578,0.0
60.0,43.86000061035156,148.83999633789062,1.0
53.0,43.9900016784668,148.91000366210938,0.0
36.0,44.220001220703125,148.8699951171875,1.0
45.0,44.09000015258789,148.67999267578125,0.0
56.0,44.27000045776367,148.89999389648438,0.0
82.0,44.70000076293945,148.1699981689453,1.0
48.0,44.40999984741211,149.5800018310547,1.0
48.0,44.29999923706055,149.60000610351562,1.0
28.0,29.68000030517578,-67.44999694824219,1.0
62.0,44.11000061035156,148.6199951171875,1.0
34.0,42.84000015258789,78.5999984741211,1.0
70.0,-8.619999885559082,125.06999969482422,0.0
33.0,-27.969999313354492,-70.30000305175781,0.0
97.0,-19.6299991607666,169.10000610351562,0.0
62.0,-4.940000057220459,133.99000549316406,1.0
51.0,10.0600004196167,-77.88999938964844,0.0
2.0,44.380001068115234,149.4199981689453,0.0
59.0,-11.390000343322754,116.68000030517578,1.0
12.0,-9.430000305175781,148.94000244140625,0.0
10.0,56.52000045776367,-152.61000061035156,0.0
118.0,5.139999866485596,127.44000244140625,1.0
230.0,36.63999938964844,71.26000213623047,0.0
37.0,4.690000057220459,124.61000061035156,0.0
54.0,-5.920000076293945,103.91999816894531,0.0
49.0,-9.880000114440918,160.5,1.0
70.0,-37.84000015258789,176.72999572753906,1.0
182.0,-14.600000381469727,167.30999755859375,1.0
43.0,-0.7400000095367432,127.33000183105469,0.0
160.0,31.06999969482422,130.10000610351562,1.0
28.0,51.2400016784668,-179.25,0.0
30.0,24.290000915527344,142.6999969482422,0.0
22.0,-1.0499999523162842,146.47999572753906,0.0
33.0,40.400001525878906,63.65999984741211,0.0
0.0,49.880001068115234,78.80999755859375,0.0
48.0,38.22999954223633,142.02000427246094,1.0
39.0,38.380001068115234,142.41000366210938,0.0
29.0,8.279999732971191,122.43000030517578,1.0
41.0,8.239999771118164,122.36000061035156,0.0
153.0,7.849999904632568,126.37999725341797,1.0
0.0,-17.059999465942383,-172.27999877929688,1.0
3.0,40.779998779296875,23.239999771118164,1.0
380.0,48.27000045776367,148.66000366210938,0.0
37.0,-5.050000190734863,102.37999725341797,0.0
0.0,-5.070000171661377,102.33000183105469,0.0
25.0,-15.270000457763672,-175.4499969482422,0.0
27.0,-18.270000457763672,167.99000549316406,0.0
0.0,49.84000015258789,78.91999816894531,0.0
43.0,0.550000011920929,126.23999786376953,0.0
11.0,52.2599983215332,-168.83999633789062,0.0
305.0,-14.949999809265137,-175.80999755859375,0.0
45.0,-4.199999809265137,152.83999633789062,0.0
34.0,22.190000534057617,121.41999816894531,1.0
37.0,-20.639999389648438,172.57000732421875,0.0
49.0,-26.520000457763672,-70.66000366210938,1.0
16.0,-0.14000000059604645,131.7899932861328,0.0
0.0,73.30999755859375,54.70000076293945,0.0
57.0,-59.79999923706055,-26.329999923706055,0.0
39.0,-30.6200008392334,-178.07000732421875,1.0
8.0,-47.529998779296875,32.2599983215332,0.0
0.0,49.97999954223633,79.0199966430664,0.0
37.0,-7.53000020980835,156.5,0.0
116.0,24.809999465942383,121.87000274658203,1.0
215.0,-13.350000381469727,167.1300048828125,0.0
44.0,-30.56999969482422,-178.05999755859375,0.0
0.0,49.90999984741211,78.94000244140625,1.0
48.0,48.209999084472656,154.3300018310547,1.0
34.0,33.369998931884766,57.439998626708984,1.0
217.0,-13.9399995803833,167.17999267578125,1.0
138.0,-14.920000076293945,167.13999938964844,0.0
50.0,39.400001525878906,74.76000213623047,0.0
50.0,33.470001220703125,140.9499969482422,0.0
0.0,47.810001373291016,48.09000015258789,0.0
61.0,-5.449999809265137,152.02000427246094,0.0
7.0,39.34000015258789,72.55999755859375,0.0
37.0,37.709999084472656,48.95000076293945,1.0
42.0,-11.210000038146973,162.1300048828125,0.0
39.0,-11.140000343322754,162.16000366210938,1.0
27.0,47.790000915527344,146.5399932861328,0.0
63.0,-10.920000076293945,162.16000366210938,0.0
0.0,49.93000030517578,78.7699966430664,1.0
23.0,16.06999969482422,-96.55000305175781,1.0
0.0,-21.850000381469727,-139.0,0.0
85.0,-10.220000267028809,161.47999572753906,0.0
118.0,44.54999923706055,146.6699981689453,1.0
465.0,-7.079999923706055,117.94999694824219,0.0
36.0,7.329999923706055,123.4000015258789,1.0
40.0,0.550000011920929,126.05999755859375,1.0
0.0,47.779998779296875,48.13999938964844,0.0
7.0,-8.270000457763672,121.37999725341797,0.0
47.0,23.170000076293945,122.0,1.0
10.0,33.959999084472656,59.529998779296875,0.0
0.0,47.869998931884766,48.060001373291016,1.0
38.0,-30.020000457763672,-177.47000122070312,0.0
45.0,17.530000686645508,-100.79000091552734,0.0
35.0,-18.520000457763672,168.14999389648438,0.0
12.0,54.79999923706055,-161.2899932861328,0.0
54.0,0.019999999552965164,126.01000213623047,0.0
114.0,5.230000019073486,127.36000061035156,1.0
149.0,6.010000228881836,126.01000213623047,0.0
135.0,-15.569999694824219,167.57000732421875,0.0
48.0,-13.609999656677246,166.66000366210938,1.0
42.0,-16.520000457763672,-72.5999984741211,1.0
46.0,40.220001220703125,143.5500030517578,0.0
17.0,60.72999954223633,-141.5500030517578,1.0
4.0,1.0199999809265137,120.4000015258789,0.0
3.0,17.760000228881836,-101.30000305175781,1.0
75.0,18.020000457763672,-69.02999877929688,1.0
24.0,41.95000076293945,83.37999725341797,0.0
38.0,3.0199999809265137,127.01000213623047,1.0
4.0,42.04999923706055,19.049999237060547,1.0
545.0,5.659999847412109,123.58999633789062,0.0
108.0,-0.05000000074505806,123.02999877929688,0.0
596.0,-20.81999969482422,-178.6699981689453,0.0
30.0,9.300000190734863,125.56999969482422,0.0
77.0,-21.219999313354492,169.72000122070312,1.0
123.0,-6.380000114440918,105.93000030517578,0.0
256.0,19.0,145.4199981689453,0.0
51.0,-22.950000762939453,-69.08999633789062,0.0
598.0,24.1299991607666,142.41000366210938,0.0
27.0,0.6600000262260437,126.08000183105469,1.0
55.0,56.650001525878906,-156.72000122070312,1.0
209.0,-15.4399995803833,-70.05000305175781,0.0
46.0,52.68000030517578,-166.97000122070312,1.0
111.0,36.45000076293945,31.719999313354492,0.0
54.0,-24.600000381469727,-70.18000030517578,0.0
40.0,-8.319999694824219,115.91999816894531,1.0
6.0,-30.729999542236328,117.20999908447266,0.0
31.0,8.140000343322754,-38.119998931884766,0.0
109.0,-56.02000045776367,-27.979999542236328,0.0
87.0,-6.550000190734863,147.27999877929688,0.0
15.0,38.790000915527344,26.56999969482422,0.0
108.0,17.040000915527344,-94.61000061035156,1.0
9.0,49.880001068115234,78.91999816894531,1.0
190.0,-5.0,145.5800018310547,1.0
30.0,-19.860000610351562,-173.0399932861328,0.0
0.0,7.110000133514404,-82.30999755859375,0.0
62.0,43.880001068115234,146.72000122070312,1.0
51.0,-32.15999984741211,-71.4000015258789,1.0
0.0,50.04999923706055,79.05999755859375,0.0
74.0,33.869998931884766,131.91000366210938,0.0
32.0,-11.15999984741211,107.72000122070312,1.0
0.0,-21.860000610351562,-139.0,1.0
0.0,49.86000061035156,78.94000244140625,1.0
204.0,-22.860000610351562,-177.47000122070312,1.0
56.0,34.56999969482422,140.3699951171875,0.0
73.0,-4.860000133514404,153.5,0.0
566.0,41.849998474121094,130.8699951171875,0.0
0.0,49.93000030517578,78.9800033569336,1.0
231.0,36.47999954223633,70.1500015258789,0.0
43.0,8.949999809265137,-83.48999786376953,1.0
13.0,10.720000267028809,-41.68000030517578,1.0
43.0,19.049999237060547,122.12000274658203,1.0
56.0,53.970001220703125,-165.22000122070312,0.0
33.0,-1.7100000381469727,136.0500030517578,1.0
28.0,-1.1799999475479126,136.49000549316406,0.0
28.0,53.63999938964844,169.74000549316406,0.0
50.0,3.4800000190734863,128.05999755859375,0.0
6.0,42.79999923706055,13.039999961853027,0.0
38.0,52.22999954223633,174.0,0.0
3.0,-60.56999969482422,-50.349998474121094,0.0
46.0,45.09000015258789,76.95999908447266,0.0
54.0,-19.09000015258789,168.7100067138672,0.0
35.0,-2.8399999141693115,119.56999969482422,0.0
10.0,1.159999966621399,94.19999694824219,1.0
69.0,-7.170000076293945,106.0999984741211,0.0
33.0,-46.540000915527344,165.91000366210938,1.0
601.0,18.489999771118164,145.38999938964844,1.0
24.0,-1.1799999475479126,136.58999633789062,0.0
60.0,51.81999969482422,177.1199951171875,1.0
0.0,73.33999633789062,54.72999954223633,0.0
37.0,-8.399999618530273,115.83000183105469,0.0
26.0,0.6600000262260437,126.0,1.0
17.0,-10.680000305175781,161.35000610351562,1.0
33.0,-10.579999923706055,161.75,0.0
0.0,47.790000915527344,48.11000061035156,0.0
0.0,49.959999084472656,79.06999969482422,1.0
25.0,-1.2000000476837158,136.61000061035156,0.0
71.0,-13.399999618530273,166.6999969482422,1.0
94.0,-7.760000228881836,108.18000030517578,1.0
92.0,17.889999389648438,-68.61000061035156,0.0
24.0,-9.5,159.25999450683594,1.0
62.0,-13.319999694824219,166.69000244140625,1.0
50.0,-4.429999828338623,102.0,1.0
32.0,-23.610000610351562,-174.85000610351562,1.0
3.0,34.029998779296875,59.810001373291016,1.0
36.0,-16.729999542236328,179.99000549316406,1.0
19.0,-1.940000057220459,134.1699981689453,1.0
115.0,5.889999866485596,125.33000183105469,1.0
120.0,-31.34000015258789,-178.72000122070312,0.0
105.0,4.809999942779541,-76.19999694824219,1.0
1.0,-18.93000030517578,-176.52000427246094,0.0
9.0,34.08000183105469,59.79999923706055,1.0
0.0,49.880001068115234,78.83999633789062,1.0
0.0,34.13999938964844,59.91999816894531,0.0
126.0,28.950000762939453,140.94000244140625,1.0
28.0,1.6200000047683716,-79.33999633789062,1.0
30.0,-3.4100000858306885,102.58000183105469,0.0
0.0,49.91999816894531,78.80000305175781,1.0
56.0,3.559999942779541,126.86000061035156,0.0
33.0,-4.690000057220459,-105.73999786376953,0.0
64.0,1.0,126.0199966430664,0.0
0.0,38.75,-27.75,1.0
72.0,6.0,126.12999725341797,1.0
42.0,51.310001373291016,-178.5,0.0
36.0,-17.6200008392334,-171.16000366210938,0.0
45.0,-7.889999866485596,156.24000549316406,0.0
0.0,-54.209999084472656,158.77999877929688,1.0
62.0,-4.699999809265137,153.1699981689453,0.0
74.0,36.470001220703125,76.86000061035156,1.0
54.0,44.5099983215332,149.5500030517578,0.0
54.0,-10.680000305175781,161.66000366210938,0.0
49.0,43.470001220703125,146.58999633789062,1.0
35.0,43.13999938964844,146.8800048828125,0.0
2.0,43.220001220703125,146.89999389648438,0.0
52.0,-6.019999980926514,150.1199951171875,0.0
55.0,-6.039999961853027,150.00999450683594,0.0
112.0,6.329999923706055,126.9000015258789,1.0
36.0,-22.670000076293945,171.4199981689453,0.0
25.0,52.939998626708984,-167.6999969482422,1.0
33.0,52.779998779296875,-167.8000030517578,1.0
0.0,23.860000610351562,-45.56999969482422,0.0
494.0,-4.630000114440918,154.88999938964844,0.0
46.0,16.09000015258789,121.94000244140625,0.0
66.0,9.0,126.2699966430664,0.0
102.0,-23.530000686645508,-177.27000427246094,1.0
33.0,-10.869999885559082,164.22000122070312,1.0
75.0,-8.050000190734863,108.79000091552734,0.0
38.0,51.209999084472656,173.6199951171875,0.0
57.0,34.5,140.4199981689453,0.0
38.0,-14.520000457763672,167.92999267578125,0.0
62.0,-6.03000020980835,154.55999755859375,1.0
70.0,-5.960000038146973,154.42999267578125,0.0
0.0,37.59000015258789,-118.80000305175781,1.0
73.0,-19.420000076293945,-69.33000183105469,1.0
55.0,-18.610000610351562,-174.6999969482422,1.0
168.0,-7.369999885559082,128.5800018310547,0.0
56.0,-5.190000057220459,152.19000244140625,0.0
37.0,-15.25,-173.52999877929688,0.0
29.0,9.5,126.5999984741211,0.0
16.0,-30.18000030517578,-177.91000366210938,1.0
0.0,-58.06999969482422,-10.680000305175781,0.0
59.0,-5.239999771118164,151.7100067138672,1.0
19.0,34.810001373291016,139.2899932861328,0.0
185.0,6.630000114440918,125.7699966430664,0.0
29.0,-12.489999771118164,166.3699951171875,0.0
48.0,39.290000915527344,22.90999984741211,0.0
55.0,-29.31999969482422,-177.24000549316406,0.0
88.0,-4.449999809265137,143.52999877929688,1.0
97.0,-29.0,-69.69000244140625,1.0
0.0,-21.860000610351562,-139.0,0.0
588.0,-17.889999389648438,-178.60000610351562,1.0
76.0,-12.300000190734863,166.5,0.0
131.0,-20.299999237060547,169.61000061035156,1.0
53.0,-13.09000015258789,166.33999633789062,0.0
23.0,29.6299991607666,81.08999633789062,1.0
9.0,15.930000305175781,-88.5199966430664,0.0
39.0,-15.220000267028809,-173.52000427246094,1.0
0.0,49.939998626708984,78.86000061035156,1.0
69.0,35.529998779296875,140.14999389648438,0.0
52.0,-3.25,142.3300018310547,0.0
128.0,-15.09000015258789,167.30999755859375,0.0
64.0,-6.300000190734863,154.80999755859375,0.0
44.0,-5.340000152587891,103.12000274658203,0.0
0.0,36.15999984741211,1.399999976158142,1.0
3.0,36.25,1.6100000143051147,1.0
0.0,49.939998626708984,79.0999984741211,0.0
117.0,-6.110000133514404,145.5399932861328,0.0
74.0,-6.21999979019165,154.85000610351562,0.0
46.0,-21.950000762939453,170.08999633789062,0.0
65.0,18.219999313354492,-98.19999694824219,1.0
32.0,-22.299999237060547,170.38999938964844,0.0
60.0,11.779999732971191,125.5,1.0
37.0,-22.25,169.5500030517578,0.0
5.0,41.150001525878906,-124.30000305175781,0.0
0.0,-51.4900016784668,28.979999542236328,1.0
33.0,19.56999969482422,-69.58000183105469,0.0
1.0,27.399999618530273,88.80000305175781,1.0
0.0,40.86000061035156,15.329999923706055,1.0
221.0,-19.440000534057617,-175.8300018310547,1.0
77.0,-21.350000381469727,-68.0999984741211,0.0
0.0,49.869998931884766,78.97000122070312,0.0
30.0,-17.59000015258789,-172.30999755859375,1.0
84.0,-21.399999618530273,169.8699951171875,1.0
0.0,49.439998626708984,-129.57000732421875,1.0
31.0,-21.25,-174.41000366210938,0.0
82.0,30.6299991607666,140.85000610351562,1.0
33.0,-16.290000915527344,178.1999969482422,0.0
0.0,50.0099983215332,79.02999877929688,0.0
45.0,45.97999954223633,151.47000122070312,1.0
229.0,29.280000686645508,128.10000610351562,1.0
27.0,-61.11000061035156,-55.540000915527344,0.0
38.0,38.61000061035156,142.91000366210938,0.0
49.0,38.709999084472656,142.75,1.0
24.0,-4.559999942779541,139.27999877929688,1.0
35.0,38.279998779296875,142.7100067138672,1.0
110.0,42.47999954223633,142.14999389648438,1.0
30.0,38.18000030517578,142.8699951171875,0.0
10.0,-29.68000030517578,60.83000183105469,1.0
22.0,51.81999969482422,176.14999389648438,1.0
6.0,53.02000045776367,162.41000366210938,0.0
23.0,44.61000061035156,149.3800048828125,0.0
41.0,-22.110000610351562,174.75999450683594,0.0
79.0,-6.039999961853027,148.77000427246094,0.0
18.0,38.22999954223633,22.969999313354492,1.0
59.0,-13.770000457763672,166.5,0.0
32.0,38.2400016784668,23.260000228881836,0.0
33.0,3.930000066757202,-85.87999725341797,0.0
53.0,18.81999969482422,-103.94999694824219,0.0
228.0,-5.429999828338623,146.75999450683594,0.0
109.0,-19.520000457763672,-69.01000213623047,0.0
45.0,3.430000066757202,128.00999450683594,1.0
544.0,-27.280000686645508,-63.27000045776367,0.0
22.0,45.59000015258789,152.24000549316406,0.0
0.0,14.229999542236328,119.12999725341797,0.0
28.0,37.279998779296875,142.27999877929688,0.0
0.0,49.869998931884766,78.9000015258789,1.0
45.0,-13.399999618530273,166.44000244140625,1.0
522.0,-23.700000762939453,179.99000549316406,1.0
49.0,43.22999954223633,149.94000244140625,1.0
217.0,36.40999984741211,71.1500015258789,0.0
36.0,-1.9600000381469727,-80.98999786376953,0.0
223.0,42.650001525878906,139.1999969482422,0.0
75.0,-5.139999866485596,154.74000549316406,0.0
140.0,5.820000171661377,126.9800033569336,0.0
0.0,-48.54999923706055,164.6999969482422,0.0
139.0,-14.75,167.27999877929688,0.0
81.0,-5.679999828338623,151.47000122070312,1.0
0.0,-49.130001068115234,164.6300048828125,0.0
10.0,-36.0,-17.079999923706055,1.0
54.0,44.65999984741211,148.9199981689453,0.0
316.0,16.56999969482422,145.47999572753906,0.0
31.0,29.889999389648438,57.720001220703125,1.0
114.0,-22.290000915527344,171.64999389648438,1.0
140.0,-15.4399995803833,167.47999572753906,0.0
11.0,29.989999771118164,57.77000045776367,0.0
41.0,-21.610000610351562,169.66000366210938,0.0
76.0,-5.179999828338623,151.75,0.0
67.0,-2.759999990463257,139.17999267578125,0.0
102.0,-22.09000015258789,170.89999389648438,1.0
3.0,48.709999084472656,157.3699951171875,1.0
33.0,-22.889999389648438,-175.82000732421875,0.0
74.0,-5.320000171661377,151.52000427246094,0.0
20.0,-15.079999923706055,-173.1199951171875,1.0
21.0,43.529998779296875,147.0399932861328,1.0
37.0,-21.5,169.61000061035156,1.0
18.0,30.65999984741211,141.77999877929688,0.0
30.0,35.68000030517578,73.5999984741211,1.0
0.0,49.88999938964844,78.9800033569336,1.0
10.0,24.84000015258789,-46.290000915527344,0.0
172.0,18.34000015258789,-68.86000061035156,0.0
101.0,-6.389999866485596,130.72000122070312,0.0
45.0,-22.219999313354492,170.47999572753906,0.0
23.0,-30.18000030517578,-177.9600067138672,0.0
274.0,-29.40999984741211,-179.02999877929688,1.0
10.0,-4.760000228881836,-112.01000213623047,0.0
0.0,73.31999969482422,54.54999923706055,1.0
12.0,-33.81999969482422,-179.44000244140625,0.0
15.0,50.720001220703125,160.39999389648438,0.0
18.0,-4.519999980926514,146.1999969482422,1.0
38.0,-9.420000076293945,159.33999633789062,0.0
606.0,-20.700000762939453,-178.64999389648438,0.0
62.0,-6.429999828338623,154.8800048828125,0.0
31.0,-11.399999618530273,66.30000305175781,0.0
62.0,-9.979999542236328,162.05999755859375,0.0
53.0,40.29999923706055,142.3300018310547,1.0
18.0,-33.150001525878906,-73.0999984741211,1.0
189.0,-7.110000133514404,129.05999755859375,1.0
0.0,49.880001068115234,78.88999938964844,1.0
28.0,18.18000030517578,-102.01000213623047,1.0
10.0,-31.3799991607666,-110.79000091552734,0.0
10.0,43.560001373291016,-127.69999694824219,1.0
21.0,-20.010000228881836,-174.22999572753906,1.0
15.0,-3.5199999809265137,143.86000061035156,1.0
57.0,-32.16999816894531,-71.43000030517578,1.0
7.0,-2.299999952316284,22.829999923706055,0.0
39.0,18.75,120.86000061035156,1.0
38.0,42.97999954223633,146.1999969482422,0.0
594.0,-20.809999465942383,-178.8699951171875,0.0
43.0,-37.22999954223633,179.80999755859375,0.0
35.0,-6.139999866485596,152.02999877929688,0.0
10.0,23.959999084472656,125.91999816894531,1.0
64.0,-6.389999866485596,154.9199981689453,0.0
90.0,-56.400001525878906,-26.540000915527344,0.0
10.0,39.220001220703125,25.25,1.0
20.0,-30.010000228881836,-177.6300048828125,0.0
8.0,-30.030000686645508,-177.72999572753906,1.0
0.0,49.900001525878906,78.86000061035156,1.0
0.0,-2.109999895095825,139.7899932861328,0.0
30.0,26.84000015258789,142.74000549316406,1.0
607.0,18.0,145.6699981689453,1.0
192.0,-23.100000381469727,-177.27000427246094,0.0
177.0,-12.109999656677246,166.6699981689453,0.0
36.0,-3.4100000858306885,177.5500030517578,0.0
10.0,46.9900016784668,-66.6500015258789,0.0
38.0,13.850000381469727,124.31999969482422,1.0
36.0,14.010000228881836,124.37000274658203,0.0
10.0,13.149999618530273,-87.55999755859375,0.0
23.0,-9.529999732971191,152.2100067138672,1.0
21.0,-9.550000190734863,152.2100067138672,0.0
10.0,39.959999084472656,24.389999389648438,0.0
25.0,31.68000030517578,82.27999877929688,1.0
62.0,53.2599983215332,-165.64999389648438,1.0
65.0,16.729999542236328,-61.439998626708984,0.0
200.0,-22.690000534057617,-66.62000274658203,0.0
34.0,-10.890000343322754,166.00999450683594,0.0
46.0,33.66999816894531,141.1699981689453,1.0
117.0,22.329999923706055,143.58999633789062,1.0
12.0,-25.190000534057617,-175.5500030517578,0.0
105.0,-56.04999923706055,-27.3700008392334,1.0
33.0,-9.520000457763672,118.3499984741211,1.0
27.0,42.22999954223633,142.4600067138672,1.0
196.0,-18.540000915527344,-175.1199951171875,0.0
10.0,-52.88999938964844,-46.97999954223633,0.0
36.0,-31.549999237060547,-178.60000610351562,1.0
85.0,-12.739999771118164,-76.04000091552734,1.0
55.0,-6.409999847412109,147.64999389648438,0.0
199.0,0.09000000357627869,123.30999755859375,0.0
86.0,-15.859999656677246,-172.97000122070312,0.0
43.0,19.889999389648438,120.54000091552734,1.0
42.0,-28.209999084472656,-114.05999755859375,0.0
9.0,19.899999618530273,120.48999786376953,0.0
0.0,49.869998931884766,78.91999816894531,1.0
101.0,-0.6100000143051147,123.27999877929688,0.0
10.0,-60.75,-20.950000762939453,1.0
26.0,-20.239999771118164,168.1999969482422,0.0
15.0,-3.359999895095825,177.39999389648438,0.0
40.0,48.81999969482422,154.92999267578125,0.0
46.0,55.06999969482422,165.39999389648438,0.0
22.0,7.789999961853027,135.75999450683594,0.0
47.0,38.7599983215332,142.22000122070312,0.0
44.0,-41.40999984741211,-74.97000122070312,0.0
33.0,-18.110000610351562,-172.50999450683594,1.0
56.0,51.56999969482422,-177.3699951171875,0.0
19.0,16.510000228881836,-98.25,0.0
20.0,16.579999923706055,-98.33999633789062,1.0
80.0,-5.659999847412109,150.99000549316406,0.0
125.0,-17.610000610351562,-174.4499969482422,1.0
59.0,-4.699999809265137,103.04000091552734,0.0
83.0,13.289999961853027,-89.38999938964844,1.0
449.0,-7.329999923706055,126.08000183105469,1.0
10.0,-55.41999816894531,160.22999572753906,0.0
45.0,44.560001373291016,151.02999877929688,1.0
51.0,51.38999938964844,-179.94000244140625,1.0
0.0,49.970001220703125,78.86000061035156,1.0
554.0,27.899999618530273,137.0399932861328,1.0
10.0,-51.150001525878906,160.63999938964844,1.0
37.0,36.36000061035156,141.6300048828125,1.0
18.0,51.7599983215332,176.0800018310547,1.0
43.0,13.8100004196167,146.36000061035156,0.0
28.0,-12.59000015258789,166.11000061035156,0.0
55.0,-11.15999984741211,115.41999816894531,1.0
58.0,-4.340000152587891,153.1199951171875,0.0
106.0,-5.050000190734863,143.9600067138672,0.0
1.0,33.709999084472656,22.940000534057617,1.0
10.0,6.75,-82.72000122070312,1.0
43.0,36.400001525878906,141.44000244140625,0.0
52.0,-2.7100000381469727,-79.87999725341797,0.0
42.0,43.849998474121094,148.32000732421875,0.0
42.0,-15.359999656677246,-173.08999633789062,0.0
45.0,-25.549999237060547,-176.24000549316406,0.0
179.0,29.399999618530273,140.42999267578125,1.0
153.0,-14.529999732971191,-70.80000305175781,0.0
543.0,-23.450000762939453,-179.8699951171875,0.0
42.0,-24.389999389648438,-176.64999389648438,1.0
40.0,-15.609999656677246,168.00999450683594,0.0
511.0,-7.170000076293945,125.80999755859375,1.0
96.0,-6.610000133514404,101.69999694824219,1.0
190.0,-1.7300000190734863,-76.7300033569336,0.0
14.0,-10.609999656677246,-74.69000244140625,1.0
34.0,-3.7200000286102295,140.0,0.0
0.0,49.88999938964844,78.86000061035156,1.0
103.0,-9.869999885559082,161.17999267578125,0.0
38.0,-9.279999732971191,158.2100067138672,0.0
18.0,14.670000076293945,44.22999954223633,0.0
35.0,36.130001068115234,68.9800033569336,1.0
88.0,24.559999465942383,122.52999877929688,0.0
40.0,-24.149999618530273,-175.97000122070312,0.0
49.0,-57.439998626708984,-25.770000457763672,0.0
20.0,33.900001525878906,139.4499969482422,0.0
13.0,19.93000030517578,121.33999633789062,1.0
55.0,-15.430000305175781,-173.3000030517578,1.0
228.0,-5.449999809265137,147.0500030517578,0.0
14.0,38.06999969482422,20.25,1.0
55.0,-57.97999954223633,-24.350000381469727,0.0
50.0,16.139999389648438,-95.25,1.0
81.0,12.90999984741211,93.58999633789062,1.0
208.0,-30.440000534057617,-179.3000030517578,1.0
40.0,-29.690000534057617,-177.72999572753906,1.0
41.0,10.539999961853027,140.9600067138672,0.0
46.0,55.029998779296875,-159.19000244140625,0.0
37.0,54.9900016784668,-159.24000549316406,1.0
569.0,8.729999542236328,124.02999877929688,0.0
68.0,5.599999904632568,126.30000305175781,1.0
103.0,-18.649999618530273,-69.37999725341797,1.0
48.0,49.22999954223633,155.55999755859375,0.0
26.0,44.060001373291016,148.08999633789062,0.0
29.0,-3.490000009536743,177.63999938964844,0.0
21.0,43.7599983215332,147.4499969482422,1.0
72.0,-6.989999771118164,147.38999938964844,0.0
25.0,-4.050000190734863,127.9000015258789,0.0
26.0,-4.070000171661377,127.9000015258789,0.0
94.0,-4.889999866485596,153.57000732421875,1.0
74.0,-4.670000076293945,153.25,0.0
83.0,-21.59000015258789,-175.32000732421875,1.0
36.0,-6.480000019073486,154.63999938964844,0.0
44.0,8.800000190734863,-83.11000061035156,1.0
82.0,5.710000038146973,94.72000122070312,1.0
52.0,52.91999816894531,159.80999755859375,0.0
51.0,49.40999984741211,155.5800018310547,1.0
137.0,-15.039999961853027,167.27999877929688,1.0
32.0,11.399999618530273,57.52000045776367,0.0
38.0,10.430000305175781,-62.709999084472656,0.0
102.0,-4.840000152587891,-78.08999633789062,1.0
64.0,-6.519999980926514,154.94000244140625,0.0
56.0,53.380001068115234,160.3000030517578,0.0
11.0,-10.1899995803833,110.83999633789062,0.0
45.0,27.780000686645508,62.06999969482422,1.0
32.0,14.920000076293945,99.05000305175781,0.0
33.0,-24.010000228881836,-175.89999389648438,0.0
9.0,41.5,143.83999633789062,1.0
24.0,46.40999984741211,153.38999938964844,1.0
7.0,36.2400016784668,-120.2699966430664,1.0
25.0,-33.88999938964844,179.52000427246094,0.0
116.0,-5.389999866485596,150.94000244140625,1.0
33.0,47.40999984741211,152.25999450683594,1.0
0.0,-21.850000381469727,-138.94000244140625,0.0
16.0,40.47999954223633,139.08999633789062,1.0
35.0,40.83000183105469,139.3300018310547,0.0
135.0,-16.959999084472656,-174.61000061035156,1.0
600.0,-9.520000457763672,-71.22000122070312,0.0
22.0,40.25,139.00999450683594,1.0
31.0,40.220001220703125,139.0399932861328,1.0
46.0,51.41999816894531,-174.11000061035156,1.0
0.0,49.90999984741211,78.97000122070312,1.0
125.0,1.5499999523162842,127.31999969482422,0.0
6.0,41.349998474121094,139.10000610351562,1.0
43.0,24.1299991607666,122.38999938964844,0.0
159.0,29.739999771118164,129.3800048828125,0.0
18.0,21.770000457763672,103.30999755859375,1.0
48.0,24.170000076293945,122.38999938964844,1.0
14.0,60.220001220703125,-141.27000427246094,0.0
222.0,20.190000534057617,122.41000366210938,1.0
38.0,-22.59000015258789,171.02000427246094,1.0
10.0,-7.409999847412109,27.8799991607666,0.0
10.0,-60.90999984741211,-53.099998474121094,0.0
37.0,61.040000915527344,-147.3699951171875,1.0
46.0,5.539999961853027,126.47000122070312,0.0
9.0,36.209999084472656,-120.36000061035156,1.0
190.0,53.90999984741211,158.36000061035156,1.0
10.0,-20.1299991607666,-126.94000244140625,0.0
175.0,20.450000762939453,122.13999938964844,1.0
2.0,40.13999938964844,24.75,1.0
43.0,35.47999954223633,139.0500030517578,0.0
108.0,1.7999999523162842,127.27999877929688,0.0
64.0,-8.6899995803833,111.16999816894531,0.0
94.0,55.790000915527344,161.3300018310547,1.0
26.0,18.229999542236328,120.80000305175781,1.0
0.0,73.37999725341797,54.869998931884766,0.0
56.0,3.7300000190734863,126.63999938964844,0.0
128.0,33.5099983215332,131.50999450683594,1.0
20.0,-16.68000030517578,-172.0500030517578,0.0
73.0,-17.440000534057617,-69.95999908447266,0.0
43.0,60.970001220703125,-147.47000122070312,1.0
205.0,36.52000045776367,71.0999984741211,0.0
167.0,18.1200008392334,145.8300018310547,0.0
515.0,-23.979999542236328,-179.8000030517578,1.0
16.0,-16.639999389648438,-177.3800048828125,1.0
44.0,24.079999923706055,122.16000366210938,1.0
35.0,24.020000457763672,122.26000213623047,0.0
10.0,-3.609999895095825,151.1999969482422,0.0
0.0,73.3499984741211,54.380001068115234,0.0
12.0,33.95000076293945,139.50999450683594,0.0
5.0,-26.549999237060547,-70.62000274658203,1.0
0.0,49.90999984741211,78.83000183105469,1.0
13.0,-26.15999984741211,-70.58999633789062,0.0
7.0,-8.119999885559082,156.35000610351562,1.0
8.0,1.090000033378601,121.0,0.0
55.0,-23.739999771118164,-70.2300033569336,0.0
30.0,-20.56999969482422,-173.83999633789062,0.0
10.0,37.59000015258789,-17.40999984741211,0.0
24.0,-60.75,-25.600000381469727,1.0
33.0,-60.459999084472656,-24.90999984741211,1.0
44.0,-60.689998626708984,-25.40999984741211,1.0
7.0,1.159999966621399,120.88999938964844,0.0
0.0,49.88999938964844,78.9000015258789,1.0
10.0,44.099998474121094,-113.80999755859375,1.0
16.0,40.349998474121094,42.18000030517578,1.0
57.0,-9.100000381469727,119.08999633789062,1.0
89.0,-4.0,-79.4000015258789,0.0
4.0,19.5,-155.44000244140625,1.0
5.0,43.75,148.35000610351562,0.0
34.0,-7.489999771118164,130.58999633789062,0.0
39.0,0.47999998927116394,-79.79000091552734,1.0
183.0,-7.46999979019165,128.1999969482422,1.0
19.0,-40.45000076293945,155.57000732421875,0.0
52.0,41.79999923706055,142.77000427246094,0.0
10.0,-6.849999904632568,72.04000091552734,1.0
33.0,-6.610000133514404,71.41000366210938,0.0
68.0,14.069999694824219,-91.94999694824219,0.0
18.0,-15.369999885559082,-173.02999877929688,1.0
34.0,-6.5,71.4000015258789,1.0
44.0,3.740000009536743,148.97000122070312,0.0
33.0,8.140000343322754,137.2100067138672,1.0
158.0,-7.630000114440918,127.33999633789062,0.0
103.0,-33.09000015258789,-70.1500015258789,0.0
63.0,-3.2100000381469727,145.42999267578125,0.0
10.0,-2.380000114440918,145.05999755859375,0.0
592.0,-28.139999389648438,-63.150001525878906,1.0
599.0,-27.969999313354492,-62.900001525878906,0.0
42.0,-5.510000228881836,151.91000366210938,0.0
11.0,11.850000381469727,-13.510000228881836,1.0
209.0,36.41999816894531,70.75,1.0
386.0,33.619998931884766,136.8000030517578,1.0
0.0,45.400001525878906,151.30999755859375,1.0
43.0,-2.8299999237060547,118.76000213623047,1.0
112.0,-3.880000114440918,-78.47000122070312,0.0
48.0,36.470001220703125,141.24000549316406,0.0
26.0,-3.9200000762939453,-81.41000366210938,0.0
326.0,-23.68000030517578,-178.3000030517578,0.0
38.0,29.280000686645508,130.44000244140625,0.0
164.0,36.47999954223633,71.05000305175781,0.0
568.0,49.04999923706055,146.6300048828125,0.0
45.0,34.56999969482422,70.47000122070312,0.0
4.0,-9.960000038146973,160.5,1.0
192.0,36.470001220703125,70.86000061035156,0.0
164.0,-6.599999904632568,130.14999389648438,0.0
0.0,49.86000061035156,78.80999755859375,0.0
88.0,-17.31999969482422,-70.52999877929688,0.0
656.0,8.170000076293945,123.7699966430664,1.0
454.0,29.350000381469727,138.9199981689453,1.0
89.0,-38.27000045776367,177.22000122070312,0.0
15.0,40.349998474121094,63.36000061035156,1.0
41.0,49.15999984741211,155.30999755859375,0.0
0.0,49.869998931884766,78.97000122070312,0.0
15.0,17.3799991607666,-59.630001068115234,0.0
185.0,-18.950000762939453,168.88999938964844,0.0
33.0,-21.049999237060547,168.7100067138672,1.0
135.0,-15.880000114440918,-174.35000610351562,0.0
578.0,50.060001373291016,148.77000427246094,0.0
399.0,47.439998626708984,146.72999572753906,0.0
398.0,30.889999389648438,138.47999572753906,1.0
0.0,49.90999984741211,78.91000366210938,1.0
21.0,-6.789999961853027,71.4800033569336,0.0
10.0,-51.880001068115234,161.0800018310547,0.0
0.0,49.91999816894531,79.02999877929688,1.0
19.0,-10.829999923706055,164.22999572753906,0.0
171.0,-4.860000133514404,151.5500030517578,1.0
50.0,-30.68000030517578,-71.19999694824219,1.0
267.0,-15.829999923706055,-174.8000030517578,1.0
95.0,-15.65999984741211,-72.44999694824219,0.0
25.0,35.310001373291016,23.290000915527344,0.0
10.0,-58.470001220703125,-15.970000267028809,1.0
20.0,18.020000457763672,-69.30000305175781,0.0
46.0,16.81999969482422,-98.45999908447266,0.0
53.0,-6.099999904632568,154.44000244140625,0.0
537.0,-5.760000228881836,111.29000091552734,0.0
0.0,49.849998474121094,78.91999816894531,1.0
93.0,-56.439998626708984,-27.43000030517578,0.0
41.0,28.110000610351562,129.52000427246094,1.0
58.0,-6.550000190734863,154.97999572753906,0.0
26.0,1.350000023841858,126.4000015258789,0.0
0.0,50.33000183105469,-176.86000061035156,0.0
260.0,-0.07000000029802322,122.5199966430664,1.0
45.0,32.38999938964844,131.9600067138672,1.0
49.0,27.469999313354492,128.5800018310547,0.0
27.0,-33.279998779296875,-179.27999877929688,1.0
15.0,-17.899999618530273,172.1199951171875,1.0
5.0,40.38999938964844,-126.80000305175781,1.0
18.0,35.779998779296875,137.49000549316406,1.0
20.0,34.0099983215332,141.63999938964844,1.0
41.0,16.799999237060547,147.1699981689453,0.0
10.0,34.02000045776367,141.66000366210938,0.0
107.0,13.84000015258789,145.3800048828125,0.0
21.0,-25.8799991607666,-175.89999389648438,1.0
10.0,-31.600000381469727,-110.8499984741211,0.0
26.0,15.050000190734863,-94.27999877929688,1.0
80.0,-15.75,-173.64999389648438,1.0
180.0,-24.049999237060547,-66.83999633789062,0.0
0.0,73.37000274658203,54.84000015258789,0.0
58.0,1.649999976158142,126.31999969482422,0.0
7.0,39.15999984741211,71.3499984741211,0.0
0.0,49.91999816894531,78.83000183105469,1.0
162.0,5.760000228881836,125.61000061035156,1.0
177.0,-17.149999618530273,-174.07000732421875,1.0
10.0,8.15999984741211,-38.77000045776367,1.0
0.0,55.18000030517578,163.57000732421875,0.0
10.0,-18.850000381469727,67.33000183105469,1.0
119.0,-22.0,170.91000366210938,1.0
42.0,0.2199999988079071,98.05000305175781,1.0
422.0,-18.700000762939453,-178.0399932861328,1.0
218.0,5.130000114440918,125.16999816894531,1.0
10.0,-30.899999618530273,-13.529999732971191,0.0
647.0,-17.739999771118164,-178.0500030517578,0.0
33.0,-7.96999979019165,102.2699966430664,0.0
25.0,-14.319999694824219,171.2899932861328,0.0
114.0,-8.15999984741211,-76.12000274658203,0.0
0.0,49.95000076293945,79.02999877929688,0.0
10.0,20.329999923706055,-115.79000091552734,1.0
36.0,44.150001525878906,148.1999969482422,1.0
10.0,-1.3899999856948853,-15.020000457763672,0.0
0.0,49.880001068115234,78.81999969482422,1.0
0.0,49.83000183105469,78.70999908447266,1.0
0.0,56.189998626708984,163.30999755859375,1.0
12.0,-36.66999816894531,177.63999938964844,1.0
25.0,10.210000038146973,-80.02999877929688,1.0
179.0,0.20000000298023224,123.62999725341797,0.0
47.0,24.110000610351562,122.4800033569336,0.0
27.0,-3.6600000858306885,141.74000549316406,0.0
3.0,-0.949999988079071,128.47000122070312,0.0
2.0,-7.489999771118164,130.17999267578125,0.0
41.0,-33.06999969482422,-68.58000183105469,0.0
123.0,32.54999923706055,131.19000244140625,0.0
10.0,-46.0099983215332,165.16000366210938,0.0
61.0,-17.540000915527344,-174.44000244140625,0.0
37.0,-20.540000915527344,-174.0,0.0
0.0,49.869998931884766,78.83999633789062,0.0
113.0,-10.25,161.11000061035156,1.0
56.0,27.489999771118164,128.47999572753906,0.0
44.0,-33.13999938964844,-71.83999633789062,0.0
33.0,-32.95000076293945,-71.5999984741211,0.0
33.0,-33.2400016784668,-71.77999877929688,0.0
77.0,-33.7599983215332,-71.19000244140625,0.0
36.0,55.20000076293945,161.9499969482422,0.0
12.0,66.22000122070312,-149.97999572753906,0.0
10.0,43.5,-127.62000274658203,0.0
20.0,16.979999542236328,-62.459999084472656,1.0
40.0,-32.68000030517578,-71.62999725341797,0.0
14.0,7.760000228881836,123.5199966430664,1.0
40.0,-33.150001525878906,-71.69000244140625,0.0
45.0,-6.610000133514404,105.4000015258789,0.0
48.0,-34.13999938964844,-72.0999984741211,0.0
138.0,44.380001068115234,146.7100067138672,0.0
165.0,40.31999969482422,140.3800048828125,1.0
46.0,-32.63999938964844,-71.66999816894531,0.0
475.0,28.270000457763672,139.5500030517578,0.0
14.0,-4.099999904632568,136.27999877929688,0.0
61.0,-34.0,-71.44999694824219,1.0
97.0,-35.630001068115234,179.00999450683594,0.0
88.0,-9.1899995803833,114.26000213623047,1.0
36.0,1.649999976158142,126.5,1.0
75.0,-5.159999847412109,130.4499969482422,0.0
181.0,15.319999694824219,120.62999725341797,1.0
0.0,49.880001068115234,78.95999908447266,0.0
10.0,-39.709999084472656,-75.69999694824219,1.0
613.0,-9.210000038146973,-71.22000122070312,0.0
0.0,-37.619998931884766,179.4600067138672,0.0
27.0,-5.590000152587891,151.07000732421875,1.0
30.0,-29.040000915527344,77.77999877929688,0.0
54.0,53.56999969482422,160.52999877929688,1.0
49.0,54.040000915527344,160.92999267578125,0.0
33.0,-15.300000190734863,-173.47000122070312,1.0
110.0,4.920000076293945,127.52999877929688,1.0
10.0,0.9700000286102295,-28.440000534057617,1.0
0.0,49.849998474121094,78.87000274658203,1.0
17.0,30.290000915527344,132.72000122070312,0.0
0.0,49.84000015258789,78.69000244140625,1.0
46.0,-4.440000057220459,152.80999755859375,1.0
28.0,-17.229999542236328,167.8300018310547,0.0
45.0,-29.700000762939453,-177.77999877929688,0.0
0.0,49.91999816894531,78.80000305175781,1.0
17.0,-6.239999771118164,148.74000549316406,0.0
33.0,-60.29999923706055,-27.0,0.0
102.0,36.209999084472656,70.9000015258789,1.0
107.0,36.189998626708984,70.80999755859375,1.0
34.0,7.460000038146973,123.47000122070312,0.0
22.0,16.93000030517578,120.19000244140625,0.0
24.0,11.149999618530273,140.22999572753906,0.0
29.0,54.150001525878906,168.69000244140625,0.0
52.0,37.77000045776367,141.77000427246094,1.0
45.0,-9.15999984741211,-78.87999725341797,1.0
7.0,39.4900016784668,75.2699966430664,1.0
629.0,-21.0,-178.99000549316406,1.0
30.0,-15.350000381469727,-173.5399932861328,0.0
27.0,39.36000061035156,75.44000244140625,0.0
63.0,17.979999542236328,-97.16000366210938,1.0
29.0,18.540000915527344,-102.31999969482422,1.0
42.0,17.809999465942383,-101.69000244140625,1.0
16.0,-34.61000061035156,-178.57000732421875,1.0
33.0,-9.8100004196167,159.85000610351562,1.0
11.0,-22.079999923706055,-174.60000610351562,0.0
10.0,62.220001220703125,-124.2699966430664,1.0
104.0,-6.760000228881836,107.04000091552734,1.0
30.0,54.72999954223633,-159.64999389648438,1.0
103.0,-21.549999237060547,-176.38999938964844,1.0
10.0,40.31999969482422,69.81999969482422,0.0
25.0,37.650001525878906,136.89999389648438,0.0
254.0,46.290000915527344,146.27000427246094,0.0
14.0,-11.119999885559082,125.1500015258789,0.0
107.0,-31.3700008392334,-68.61000061035156,0.0
595.0,-7.079999923706055,124.27999877929688,0.0
13.0,36.7400016784668,54.810001373291016,1.0
20.0,-9.569999694824219,150.97000122070312,1.0
0.0,53.209999084472656,-166.9199981689453,0.0
49.0,-35.209999084472656,-179.32000732421875,1.0
17.0,7.730000019073486,137.02000427246094,0.0
52.0,27.940000534057617,140.61000061035156,0.0
10.0,-1.8300000429153442,134.83999633789062,0.0
0.0,-21.860000610351562,-138.9199981689453,0.0
33.0,-14.029999732971191,166.22000122070312,1.0
43.0,-13.979999542236328,166.19000244140625,1.0
441.0,26.959999084472656,140.47999572753906,0.0
25.0,3.690000057220459,126.6500015258789,0.0
31.0,11.710000038146973,-85.86000061035156,0.0
44.0,-14.0600004196167,166.22999572753906,1.0
52.0,-13.979999542236328,166.50999450683594,1.0
51.0,-30.670000076293945,-178.02999877929688,0.0
6.0,62.189998626708984,-124.2699966430664,1.0
10.0,-35.099998474121094,54.2599983215332,1.0
25.0,-5.75,104.18000030517578,0.0
116.0,-5.53000020980835,150.69000244140625,0.0
33.0,-5.610000133514404,131.42999267578125,0.0
144.0,-21.3700008392334,170.30999755859375,1.0
13.0,51.540000915527344,-173.11000061035156,0.0
97.0,-10.15999984741211,161.00999450683594,0.0
527.0,27.8700008392334,139.50999450683594,0.0
51.0,36.43000030517578,140.97999572753906,1.0
41.0,24.020000457763672,122.2300033569336,0.0
